11,NEW DELHI,NEW DELHI
20,PUNE,MAHARASHTRA
22,MUMBAI,MAHARASHTRA
33,CALCUTTA,WEST BENGAL
40,HYDERABAD LOCAL,ANDHRA PRADESH
44,CHENNAI,TAMILNADU
79,AHMEDABAD LOCAL,GUJRAT
80,BANGALORE,KARNATKA
120,GHAZIABAD+DADRI,UTTAR PRADESH
121,MEERUT,UTTAR PRADESH
122,HAPUR,UTTAR PRADESH
124,GURGAON,HARYANA
129,FARIDABAD,HARYANA
130,SONIPAT,HARYANA
131,MUZAFFARNAGAR,UTTAR PRADESH
132,SAHARANPUR,UTTAR PRADESH
135,DEHRADUN,UTTARANCHAL
141,JAIPUR,RAJASTHAN
144,ALWAR,RAJASTHAN
145,AJMER,RAJASTHAN
151,BIKANER ( S),RAJASTHAN
154,SRIGANGANAGAR,RAJASTHAN
160,KHARAR,PUNJAB
161,LUDHIANA,PUNJAB
164,BHATINDA,PUNJAB
171,AMBALA,HARYANA
172,CHANDIGARH,PUNJAB
175,PATIALA,PUNJAB
177,SHIMLA,HIMACHAL 
180,PANIPAT,HARYANA
181,JAL ANDHAR,PUNJAB
183,AMRITSAR,PUNJAB
184,KARNAL,HARYANA
186,PATHANKOT,PUNJAB
191,JAMMU,JAMMU KASHMIR
212,CHINCHWAD,MAHARASHTRA
215,NAVI MUMBAI,MAHARASHTRA
217,SHOLAPUR,MAHARASHTRA
230,KHADAKWASALA,MAHARASHTRA
231,KOLHAPUR,MAHARASHTRA
233,SANGLI,MAHARASHTRA
241,AHMEDNAGAR,MAHARASHTRA
250,BASSEIN,MAHARASHTRA
251,KALYAN,MAHARASHTRA
253,NASIKCITY,MAHARASHTRA
257,JALGAON,MAHARASHTRA
260,VAPI,GUJRAT
261,SURAT,GUJRAT
265,VADODARA,GUJRAT
268,NADIAD,GUJRAT
278,BHAVNAGAR,GUJRAT
281,RAJKOT,GUJRAT
285,JUNAGARH,GUJRAT
286,PORBANDER,GUJRAT
288,JAMNAGAR,GUJRAT
291,JODHPUR(E),RAJASTHAN
294,GIRWA,RAJASTHAN
326,DHANBAD,JHARKHAND
341,ASANSOL,WEST BENGAL
342,BURDWAN,WEST BENGAL
343,DURGAPUR,WEST BENGAL
353,SILIGURI,WEST BENGAL
354,DARJEELING,WEST BENGAL
360,ITANAGAR,Arunachal Pradash
361,GUWAHATI,Assam
364,SHILLONG,MEGHALAYA
368,PASSIGHAT,Arunachal Pradash
372,LUNGLEH,MIZORAM
373,DIBRUGARH,Assam
374,TINSUKIA,Assam
376,JORHAT,Assam
381,AGARTALA,TRIPURA
385,IMPHAL,MANIPUR
389,AIZWAL-I,MIZORAM
413,PONDICHERRY,TAMILNADU
416,VELLORE,TAMILNADU
421,TIRUPUR,TAMILNADU
422,COIMBATORE,TAMILNADU
423,OOTACAMUND,TAMILNADU
424,ERODE,TAMILNADU
427,SALEM,TAMILNADU
431,TRICHY,TAMILNADU
435,KUMBAKONAM,TAMILNADU
451,DINDIGUL,TAMILNADU
452,MADURAI,TAMILNADU
461,TUTICORIN,TAMILNADU
462,TIRUNELVELLI,TAMILNADU
512,KANPUR,UTTAR PRADESH
515,UNNAO,UTTAR PRADESH
522,LUCKNOW,UTTAR PRADESH
532,ALLAHABAD,UTTAR PRADESH
535,RAIBARELI,UTTAR PRADESH
542,VARANASI,UTTAR PRADESH
548,GHAZIPUR,UTTAR PRADESH
551,GORAKHPUR,UTTAR PRADESH
562,AGRA,UTTAR PRADESH
565,MATHURA,UTTAR PRADESH
571,ALIGARH,UTTAR PRADESH
581,BAREILLY,UTTAR PRADESH
591,MORADABAD,UTTAR PRADESH
595,RAMPUR,UTTAR PRADESH
612,PATNA,Bihar
621,MUZAFFARPUR,Bihar
631,GAYA,Bihar
641,BHAGALPUR,Bihar
651,RANCHI,JHARKHAND
657,JAMSHEDPUR,JHARKHAND
661,ROURKELA,ORISSA
663,SAMBALPUR,ORISSA
671,CUTTACK,ORISSA
674,BHUBNESHWAR,ORISSA
680,BERHAMPUR,ORISSA
712,NAGPUR,MAHARASHTRA
721,AMRAVATI,MAHARASHTRA
724,AKOLA,MAHARASHTRA
731,INDORE,MADHYA PRADESH
733,KHANDWA,MADHYA PRADESH
734,UJJAIN,MADHYA PRADESH
744,LADPURA,RAJASTHAN
747,BUNDI,RAJASTHAN
751,GWALIOR,MADHYA PRADESH
755,BHOPAL,MADHYA PRADESH
761,JABALPUR,MADHYA PRADESH
771,RAIPUR,CHATISGARH
788,DURG,CHATISGARH
816,TUMKUR,KARNATKA
820,UDUPI,KARNATKA
821,MYSORE,KARNATKA
824,MANGALORE,KARNATKA
831,BELGAUM,KARNATKA
832,PANJI,GOA
836,HUBLI,KARNATKA
861,NELLOE,ANDHRA PRADESH
863,GUNTUR,ANDHRA PRADESH
866,VIJAYAWADA,ANDHRA PRADESH
870,WARANGAL,ANDHRA PRADESH
877,TIRUPATHI,ANDHRA PRADESH
878,KARIMNAGAR,ANDHRA PRADESH
883,RAJAHMUNDRI,ANDHRA PRADESH
884,KAKINADA,ANDHRA PRADESH
891,VISAKHAPATNAM,ANDHRA PRADESH
1232,MODINAGAR,UTTAR PRADESH
1233,MAWANA,UTTAR PRADESH
1234,BAGHPAT-II,UTTAR PRADESH
1237,SARDHANA,UTTAR PRADESH
1250,CHARKHIDADRI,HARYANA
1251,JHAJJAR,HARYANA
1252,LOHARU,HARYANA
1253,TOHSAM,HARYANA
1254,BAWANIKHERA,HARYANA
1255,SIWANI,HARYANA
1257,MEHAM,HARYANA
1258,KALANAUR,HARYANA
1259,KOSLI,HARYANA
1262,ROHTAK,HARYANA
1263,GOHANA,HARYANA
1267,NUH,HARYANA
1268,FEROJPUR JHIRKA,HARYANA
1274,REWARI,HARYANA
1275,PALWAL,HARYANA
1276,BAHADURGARH,HARYANA
1281,JATUSANA,HARYANA
1282,NARNAUL,HARYANA
1284,BAWAL,HARYANA
1285,MOHINDERGARH,HARYANA
1331,NAKUR,UTTAR PRADESH
1332,ROORKEE-I,UTTARANCHAL
1334,ROORKEE-II,UTTARANCHAL
1336,DEOBAND,UTTAR PRADESH
1341,NAJIBABAD,UTTAR PRADESH
1342,BIJNORE-I,UTTAR PRADESH
1343,NAGINA,UTTAR PRADESH
1344,DHAMPUR,UTTAR PRADESH
1345,BIJNORE-II,UTTAR PRADESH
1346,PAURI-II,UTTARANCHAL
1348,LANSDOWN-III,UTTARANCHAL
1360,CHAKRATA,UTTARANCHAL
1363,KARAN PRAYAG,UTTARANCHAL
1364,UKHIMATH,UTTARANCHAL
1368,PAURI-I,UTTARANCHAL
1370,DEOPRAYAG-II,UTTARANCHAL
1371,DUNDA,UTTARANCHAL
1372,CHAMOLI,UTTARANCHAL
1373,PUROLA,UTTARANCHAL
1374,BHATWARI-I,UTTARANCHAL
1375,RAJGARH,UTTARANCHAL
1376,TEHRI,UTTARANCHAL
1377,BHATWARI-II,UTTARANCHAL
1378,DEOPRAYAG-I,UTTARANCHAL
1379,PARTAPNAGAR,UTTARANCHAL
1381,JOSHIMATH-II,UTTARANCHAL
1382,LANSDOWN-II,UTTARANCHAL
1386,LANSDOWN-I,UTTARANCHAL
1389,JOSHIMATH-I,UTTARANCHAL
1392,BUDHANA,UTTAR PRADESH
1396,JANSATH,UTTAR PRADESH
1398,KAIRANA,UTTAR PRADESH
1420,BASWA,RAJASTHAN
1421,KOTPUTLI,RAJASTHAN
1422,VIRATNAGAR,RAJASTHAN
1423,AMBER,RAJASTHAN
1424,PHULERA(E),RAJASTHAN
1425,PHULERA(W),RAJASTHAN
1426,JAMWA-RAMGARH,RAJASTHAN
1427,DAUSA,RAJASTHAN
1428,DUDU,RAJASTHAN
1429,BASSI,RAJASTHAN
1430,PHAGI,RAJASTHAN
1431,LALSOT,RAJASTHAN
1432,TONK(S),RAJASTHAN
1433,TODARAISINGH,RAJASTHAN
1434,DEOLI,RAJASTHAN
1435,TONK(N),RAJASTHAN
1436,UNIAYARA,RAJASTHAN
1437,MALPURA,RAJASTHAN
1438,NEWAI,RAJASTHAN
1460,KISHANGARHBAS,RAJASTHAN
1461,BANSUR,RAJASTHAN
1462,BEAWAR,RAJASTHAN
1463,KISHANGARH (S),RAJASTHAN
1464,RAJGARH,RAJASTHAN
1465,THANAGHAZI,RAJASTHAN
1466,KEKRI (W),RAJASTHAN
1467,KEKRI (E),RAJASTHAN
1468,RAMGARH,RAJASTHAN
1469,TIJARA (S),RAJASTHAN
1470,DUNGLA,RAJASTHAN
1471,RASHMI,RAJASTHAN
1472,CHITTORGARH,RAJASTHAN
1473,BARISADRI,RAJASTHAN
1474,BEGUN (N),RAJASTHAN
1475,BEGUN (S),RAJASTHAN
1476,KAPASAN,RAJASTHAN
1477,NIMBAHERA,RAJASTHAN
1478,PRATAPGARH(N),RAJASTHAN
1479,PRATAPGARH(S),RAJASTHAN
1480,ASIND,RAJASTHAN
1481,RAIPUR,RAJASTHAN
1482,BHILWARA,RAJASTHAN
1483,HURDA,RAJASTHAN
1484,SHAHAPURA,RAJASTHAN
1485,JAHAZPUR,RAJASTHAN
1486,MANDAL,RAJASTHAN
1487,BANERA,RAJASTHAN
1488,KOTRI,RAJASTHAN
1489,MANDALGARH,RAJASTHAN
1491,NASIRABAD,RAJASTHAN
1492,LAXMANGARH,RAJASTHAN
1493,TIJARA (N),RAJASTHAN
1494,BEHROR,RAJASTHAN
1495,MANDAWAR,RAJASTHAN
1496,SARWAR,RAJASTHAN
1497,KISHANGARH (N),RAJASTHAN
1498,ANUPGARH(E),RAJASTHAN
1499,SANGARIA,RAJASTHAN
1501,SRIKARANPUR,RAJASTHAN
1502,NOHAR(W),RAJASTHAN
1503,SADULSHAHAR,RAJASTHAN
1504,BHADRA,RAJASTHAN
1505,PADAMPUR,RAJASTHAN
1506,ANUPGARH(W),RAJASTHAN
1507,RAISINGHNAGAR,RAJASTHAN
1508,SURATGARH(N),RAJASTHAN
1509,SURATGARH(S),RAJASTHAN
1520,BIKANER ( N),RAJASTHAN
1521,BIKANER ( C),RAJASTHAN
1522,BIKANER ( E),RAJASTHAN
1523,BIKANER ( W),RAJASTHAN
1526,LUNKARANSAR-II,RAJASTHAN
1527,LUNKARANSAR-III,RAJASTHAN
1528,LUNKARANSAR-IV,RAJASTHAN
1529,LUNKARANSAR-I,RAJASTHAN
1531,NOKHA (E),RAJASTHAN
1532,NOKHA (W),RAJASTHAN
1533,KOLAYAT-I,RAJASTHAN
1534,KOLAYAT-II,RAJASTHAN
1535,KOLAYAT-III,RAJASTHAN
1536,KOLAYAT-IV,RAJASTHAN
1537,NOHAR( C),RAJASTHAN
1539,TIBBI,RAJASTHAN
1552,HANUMANGARH,RAJASTHAN
1555,NOHAR(E),RAJASTHAN
1559,RAJGARH,RAJASTHAN
1560,SUJANGARH(C ),RAJASTHAN
1561,TARANAGAR,RAJASTHAN
1562,CHURU,RAJASTHAN
1563,SARDARSHAHAR(N),RAJASTHAN
1564,SARDARSHAHAR(S),RAJASTHAN
1565,SRIDUNGARGARH(N),RAJASTHAN
1566,SRIDUNGARGARH(S),RAJASTHAN
1567,RATANGARH,RAJASTHAN
1568,SUJANGARH(E ),RAJASTHAN
1569,SUJANGARH(W ),RAJASTHAN
1570,LAXMANGARH(W),RAJASTHAN
1571,FATEHPUR,RAJASTHAN
1572,SIKAR,RAJASTHAN
1573,LAXMANGARH(E),RAJASTHAN
1574,NEEM KA THANA,RAJASTHAN
1575,SRIMADHOPUR,RAJASTHAN
1576,DANTARAMGARH(E),RAJASTHAN
1577,DANTARAMGARH(W),RAJASTHAN
1580,DEEDWANA,RAJASTHAN
1581,LADNUN,RAJASTHAN
1582,NAGAUR(N),RAJASTHAN
1583,JAYAL,RAJASTHAN
1584,NAGAUR(E),RAJASTHAN
1585,NAGAUR(W),RAJASTHAN
1586,NAWA,RAJASTHAN
1587,DEGANA,RAJASTHAN
1588,PARBATSAR(N),RAJASTHAN
1589,PARBATSAR(S),RAJASTHAN
1590,MERTA(E),RAJASTHAN
1591,MERTA(W),RAJASTHAN
1592,JHUNJHUNU(S),RAJASTHAN
1593,KHETRI,RAJASTHAN
1594,UDAIPURWATI,RAJASTHAN
1595,JHUNJHUNU(N),RAJASTHAN
1596,CHIRAWA,RAJASTHAN
1624,JAGRAON,PUNJAB
1628,SAMRALA,PUNJAB
1632,FEROZEPUR,PUNJAB
1633,MUKTASAR,PUNJAB
1634,ABOHAR,PUNJAB
1635,KOTKAPURA,PUNJAB
1636,MOGA,PUNJAB
1637,MALAUT,PUNJAB
1638,FAZILKA,PUNJAB
1639,FARIDKOT,PUNJAB
1651,PHULMANDI,PUNJAB
1652,MANSA,PUNJAB
1655,RAMAN,PUNJAB
1659,SARDULGARH,PUNJAB
1662,HISSAR,HARYANA
1663,HANSI,HARYANA
1664,BHIWANI,HARYANA
1666,SIRSA,HARYANA
1667,FATEHABAD,HARYANA
1668,DABWALI,HARYANA
1669,ADAMPUR MANDI,HARYANA
1672,SANGRUR,PUNJAB
1675,MALERKOTLA,PUNJAB
1676,SUNAM,PUNJAB
1679,BARNALA,PUNJAB
1681,JIND,HARYANA
1682,ZIRA,PUNJAB
1683,JULANA,HARYANA
1684,NARWANA,HARYANA
1685,GURUHARSAHAI,PUNJAB
1686,SAFIDON,HARYANA
1692,TOHANA,HARYANA
1693,BARWALA,HARYANA
1696,KALANWALI,HARYANA
1697,RATIA,HARYANA
1698,ELLENABAD,HARYANA
1702,NAHAN,HIMACHAL 
1704,PAONTA,HIMACHAL 
1731,BARARA,HARYANA
1732,JAGADHARI,HARYANA
1733,KALKA,HARYANA
1734,NARAINGARH,HARYANA
1735,CHHACHRAULI,HARYANA
1741,PEHOWA,HARYANA
1743,CHEEKA,HARYANA
1744,KURUKSHETRA,HARYANA
1745,NILOKHERI,HARYANA
1746,KAITHAL,HARYANA
1748,GHARAUNDA,HARYANA
1749,ASSANDH,HARYANA
1762,RAJPURA,PUNJAB
1763,SARHIND,PUNJAB
1764,SAMANA,PUNJAB
1765,NABHA,PUNJAB
1781,ROHRU,HIMACHAL 
1782,RAMPUR BUSHAHAR,HIMACHAL 
1783,THEOG,HIMACHAL 
1785,POOH,HIMACHAL 
1786,KALPA,HIMACHAL 
1792,SOLAN,HIMACHAL 
1795,NALAGARH,HIMACHAL 
1796,ARKI,HIMACHAL 
1799,RAJGARH,HIMACHAL 
1821,NAKODAR,PUNJAB
1822,KAPURTHALA,PUNJAB
1823,NAWANSHAHAR,PUNJAB
1824,PHAGWARA,PUNJAB
1826,PHILLAUR,PUNJAB
1828,SULTANPUR LODHI,PUNJAB
1851,PATTI,PUNJAB
1852,TARAN TARAN,PUNJAB
1853,RAYYA,PUNJAB
1858,AJNALA,PUNJAB
1859,GOINDWAL,PUNJAB
1870,JUGIAL,PUNJAB
1871,BATALA,PUNJAB
1872,QUADIAN,PUNJAB
1874,GURDASPUR,PUNJAB
1875,DINANAGAR,PUNJAB
1881,ROPAR,PUNJAB
1882,HOSHIARPUR,PUNJAB
1883,DASUA,PUNJAB
1884,GARHASHANKER,PUNJAB
1885,BALACHAUR,PUNJAB
1886,TANDA URMAR,PUNJAB
1887,NANGAL,PUNJAB
1892,KANGRA,HIMACHAL 
1893,NURPUR,HIMACHAL 
1894,PALAMPUR,HIMACHAL 
1895,BHARMOUR,HIMACHAL 
1896,CHURAH,HIMACHAL 
1897,PANGI,HIMACHAL 
1899,CHAMBA,HIMACHAL 
1900,LAHUL,HIMACHAL 
1902,KULLU,HIMACHAL 
1903,BANJAR,HIMACHAL 
1904,NIRMAND,HIMACHAL 
1905,MANDI,HIMACHAL 
1906,SPITI,HIMACHAL 
1907,SUNDERNAGAR,HIMACHAL 
1908,JOGINDERNAGAR,HIMACHAL 
1909,UDAIPUR,HIMACHAL 
1921,BASHOLI,JAMMU KASHMIR
1922,KATHUA,JAMMU KASHMIR
1923,SAMBA,JAMMU KASHMIR
1924,AKHNOOR,JAMMU KASHMIR
1931,KULGAM,JAMMU KASHMIR
1932,ANANTNAG,JAMMU KASHMIR
1933,PULWAMA,JAMMU KASHMIR
1936,PAHALGAM,JAMMU KASHMIR
1951,BADGAM,JAMMU KASHMIR
1952,BARAMULLA,JAMMU KASHMIR
1955,KUPWARA,JAMMU KASHMIR
1957,BANDIPUR,JAMMU KASHMIR
1958,KARNAH,JAMMU KASHMIR
1960,NOWSHERA,JAMMU KASHMIR
1962,RAJOURI,JAMMU KASHMIR
1964,KALAKOT,JAMMU KASHMIR
1965,POONCH,JAMMU KASHMIR
1970,DEHRA GOPIPUR,HIMACHAL 
1972,HAMIRPUR,HIMACHAL 
1975,UNA,HIMACHAL 
1976,AMB,HIMACHAL 
1978,BILASPUR,HIMACHAL 
1980,NOBRA,JAMMU KASHMIR
1981,NYOMA,JAMMU KASHMIR
1982,LEH,JAMMU KASHMIR
1983,PADAM,JAMMU KASHMIR
1985,KARGIL,JAMMU KASHMIR
1990,RAMNAGAR,JAMMU KASHMIR
1991,REASI,JAMMU KASHMIR
1995,KISHTWAR,JAMMU KASHMIR
1996,DODA,JAMMU KASHMIR
1997,BEDARWAH,JAMMU KASHMIR
1998,RAMBAN,JAMMU KASHMIR
1999,MAHORE,JAMMU KASHMIR
2111,INDAPUR,MAHARASHTRA
2112,BARAMATI,MAHARASHTRA
2113,BHOR,MAHARASHTRA
2114,LONAVALA,MAHARASHTRA
2115,SASWAD,MAHARASHTRA
2117,DAUND,MAHARASHTRA
2118,WALCHANDNAGAR,MAHARASHTRA
2119,KEDGAON,MAHARASHTRA
2130,VELHE,MAHARASHTRA
2132,JUNNAR,MAHARASHTRA
2133,MANCHER,MAHARASHTRA
2135,RAJGURUNAGAR,MAHARASHTRA
2136,URLIKANCHAN,MAHARASHTRA
2137,NAHAVARA,MAHARASHTRA
2138,SHIRUR,MAHARASHTRA
2139,PIRANGUT,MAHARASHTRA
2140,MANGAON,MAHARASHTRA
2141,ALIBAGH,MAHARASHTRA
2142,PALI,MAHARASHTRA
2143,PEN,MAHARASHTRA
2144,MURUD,MAHARASHTRA
2145,MAHAD,MAHARASHTRA
2147,SHRIVARDHAN,MAHARASHTRA
2148,KARJAT,MAHARASHTRA
2149,MAHASALA,MAHARASHTRA
2160,SAKARWADI,MAHARASHTRA
2161,VADUJ,MAHARASHTRA
2162,SATARA,MAHARASHTRA
2163,KOREGAON,MAHARASHTRA
2164,KARAD,MAHARASHTRA
2165,DHIWADI,MAHARASHTRA
2166,PHALTAN,MAHARASHTRA
2167,WAI,MAHARASHTRA
2168,MAHABALESWAR,MAHARASHTRA
2169,SHIRWAL,MAHARASHTRA
2181,AKKALKOT,MAHARASHTRA
2182,KARMALA,MAHARASHTRA
2183,MADHA,MAHARASHTRA
2184,BARSI,MAHARASHTRA
2185,MALSURAS,MAHARASHTRA
2186,PANDHARPUR,MAHARASHTRA
2187,SANGOLA,MAHARASHTRA
2188,MANGALWEDHA,MAHARASHTRA
2189,MOHOL,MAHARASHTRA
2191,POLADPUR,MAHARASHTRA
2192,KHOPOLI,MAHARASHTRA
2194,ROHA,MAHARASHTRA
2320,CHANDGAD,MAHARASHTRA
2321,RADHANAGAR,MAHARASHTRA
2322,SHIROL,MAHARASHTRA
2323,AJARA,MAHARASHTRA
2324,HATKANGALE,MAHARASHTRA
2325,KAGAL,MAHARASHTRA
2326,GAGANBAVADA,MAHARASHTRA
2327,GADHINGLAJ,MAHARASHTRA
2328,PANHALA,MAHARASHTRA
2329,SHAHUWADI,MAHARASHTRA
2341,KAVATHEMANKAL,MAHARASHTRA
2342,ISLAMPUR,MAHARASHTRA
2343,ATPADI,MAHARASHTRA
2344,JATH,MAHARASHTRA
2345,SHIRALA,MAHARASHTRA
2346,TASGAON,MAHARASHTRA
2347,VITA,MAHARASHTRA
2350,MADANGAD,MAHARASHTRA
2351,LANGA,MAHARASHTRA
2352,RATNAGIRI,MAHARASHTRA
2353,RAJAPUR,MAHARASHTRA
2354,SANGANESHWAR,MAHARASHTRA
2355,CHIPLUN,MAHARASHTRA
2356,KHED,MAHARASHTRA
2357,MALGUND,MAHARASHTRA
2358,DAPOLI,MAHARASHTRA
2359,GUHAGAR,MAHARASHTRA
2362,KUDAL,MAHARASHTRA
2363,SAWANTWADI,MAHARASHTRA
2364,DEOGAD,MAHARASHTRA
2365,MALWAN,MAHARASHTRA
2366,VENGURLA,MAHARASHTRA
2367,KANKAVALI,MAHARASHTRA
2371,WATHAR,MAHARASHTRA
2372,PATAN,MAHARASHTRA
2373,MAHASWAD,MAHARASHTRA
2375,PUSEGAON,MAHARASHTRA
2378,MEHDA,MAHARASHTRA
2381,AHMEDPUR,MAHARASHTRA
2382,LATUR,MAHARASHTRA
2383,AUSA,MAHARASHTRA
2384,NILANGA,MAHARASHTRA
2385,UDGIR,MAHARASHTRA
2421,JAMKHED,MAHARASHTRA
2422,SHRI RAMPUR,MAHARASHTRA
2423,KOPARGAON,MAHARASHTRA
2424,AKOLE,MAHARASHTRA
2425,SANGAMNER,MAHARASHTRA
2426,RAHURI,MAHARASHTRA
2427,NEWASA,MAHARASHTRA
2428,PATHARDI,MAHARASHTRA
2429,SHEVGAON,MAHARASHTRA
2430,SILLOD,MAHARASHTRA
2431,PAITHAN,MAHARASHTRA
2432,AURANGABAD,MAHARASHTRA
2433,GANGAPUR,MAHARASHTRA
2435,KANNAD,MAHARASHTRA
2436,VIJAPUR,MAHARASHTRA
2437,KHULTABAD,MAHARASHTRA
2438,SOYEGAON,MAHARASHTRA
2439,GOLEGAON,MAHARASHTRA
2441,ASHTI,MAHARASHTRA
2442,BHIR,MAHARASHTRA
2443,MANJALEGAON,MAHARASHTRA
2444,PATODA,MAHARASHTRA
2445,KAIJ,MAHARASHTRA
2446,AMBEJOGAI,MAHARASHTRA
2447,GEVRAI,MAHARASHTRA
2451,PATHARI,MAHARASHTRA
2452,PARBHANI,MAHARASHTRA
2453,GANGAKHED,MAHARASHTRA
2454,BASMATNAGAR,MAHARASHTRA
2455,KALAMNURI,MAHARASHTRA
2456,HINGOLI,MAHARASHTRA
2457,JINTDOR,MAHARASHTRA
2460,DELHI TANDA,MAHARASHTRA
2461,MUKHED,MAHARASHTRA
2462,NANDED,MAHARASHTRA
2463,DEGLOOR,MAHARASHTRA
2465,BILLOLI,MAHARASHTRA
2466,KANDHAR,MAHARASHTRA
2467,BHOKAR,MAHARASHTRA
2468,HADGAON,MAHARASHTRA
2469,KINWAT,MAHARASHTRA
2471,TULJAPUR,MAHARASHTRA
2472,OSMANABAD,MAHARASHTRA
2473,KALLAM,MAHARASHTRA
2475,OMERGA,MAHARASHTRA
2477,PARANDA,MAHARASHTRA
2478,BHOOM,MAHARASHTRA
2481,NER,MAHARASHTRA
2482,JALNA,MAHARASHTRA
2483,AMBAD,MAHARASHTRA
2484,PARTUR,MAHARASHTRA
2485,BHOKARDAN,MAHARASHTRA
2487,SHRIGONDA,MAHARASHTRA
2488,PARNER,MAHARASHTRA
2489,KARJAT,MAHARASHTRA
2520,JAWAHAR,MAHARASHTRA
2521,TALASARI,MAHARASHTRA
2522,BHIWANDI,MAHARASHTRA
2524,MURBAD,MAHARASHTRA
2525,PALGHAR,MAHARASHTRA
2526,WADA,MAHARASHTRA
2527,SHAHAPUR,MAHARASHTRA
2528,DAHANU,MAHARASHTRA
2529,MOKHADA,MAHARASHTRA
2550,NIPHAD,MAHARASHTRA
2551,SINNAR,MAHARASHTRA
2552,NANDGAON,MAHARASHTRA
2553,IGATPURI,MAHARASHTRA
2554,MALEGAON,MAHARASHTRA
2555,SATANA,MAHARASHTRA
2556,CHANWAD,MAHARASHTRA
2557,DINDORI,MAHARASHTRA
2558,PEINT,MAHARASHTRA
2559,YEOLA,MAHARASHTRA
2560,KUSUMBA,MAHARASHTRA
2561,PIMPALNER,MAHARASHTRA
2562,DHULIA,MAHARASHTRA
2563,SHIRPUR,MAHARASHTRA
2564,NANDURBAR,MAHARASHTRA
2565,SHAHADA,MAHARASHTRA
2566,SINDKHEDA,MAHARASHTRA
2567,TALODA,MAHARASHTRA
2568,SAKRI,MAHARASHTRA
2569,NAVAPUR,MAHARASHTRA
2580,JAMNER,MAHARASHTRA
2582,BHUSAWAL,MAHARASHTRA
2583,EDALABAD,MAHARASHTRA
2584,RAVER,MAHARASHTRA
2585,YAWAL,MAHARASHTRA
2586,CHOPDA,MAHARASHTRA
2587,AMALNER,MAHARASHTRA
2588,ERANDUL,MAHARASHTRA
2589,CHALISGAON,MAHARASHTRA
2591,MANMAD,MAHARASHTRA
2592,KALWAN,MAHARASHTRA
2593,SURGENA,MAHARASHTRA
2594,TRIMBAK,MAHARASHTRA
2595,DHADGAON,MAHARASHTRA
2596,PACHORA,MAHARASHTRA
2597,PAROLA,MAHARASHTRA
2598,UMRANE,MAHARASHTRA
2599,BHUDARGAD,MAHARASHTRA
2621,SAYAN,GUJRAT
2622,BARDOLI,GUJRAT
2623,MANDVI,GUJRAT
2624,FORTSONGADH,GUJRAT
2625,VALOD,GUJRAT
2626,VYARA,GUJRAT
2628,NIZAR,GUJRAT
2629,M.M.MANGROL,GUJRAT
2630,BANSADA,GUJRAT
2631,AHWA,GUJRAT
2632,VALSAD,GUJRAT
2633,DHARAMPUR,GUJRAT
2634,BILLIMORA,GUJRAT
2637,NAVASARI,GUJRAT
2640,RAJPIPLA,GUJRAT
2641,AMOD,GUJRAT
2642,BHARUCH,GUJRAT
2643,VALIA,GUJRAT
2644,JAMBUSAR,GUJRAT
2645,JHAGADIA,GUJRAT
2646,ANKALESHWAR,GUJRAT
2649,DEDIAPADA,GUJRAT
2661,NASWADI,GUJRAT
2662,PADRA,GUJRAT
2663,DABHOI,GUJRAT
2664,PAVIJETPUR,GUJRAT
2665,SANKHEDA,GUJRAT
2666,MIYAGAM,GUJRAT
2667,SAVLI,GUJRAT
2668,WAGHODIA,GUJRAT
2669,CHHOTA UDAIPUR,GUJRAT
2670,SHEHRA,GUJRAT
2672,GODHRA,GUJRAT
2673,DAHOD,GUJRAT
2674,LUNAVADA,GUJRAT
2675,SANTRAMPUR,GUJRAT
2676,HALOL,GUJRAT
2677,LIMKHEDA,GUJRAT
2678,DEVGADHBARIA,GUJRAT
2679,JHALOD,GUJRAT
2690,BALASINOR,GUJRAT
2691,KAPAD WANJ,GUJRAT
2692,ANAND,GUJRAT
2694,MEHMEDABAD,GUJRAT
2696,BORSAD,GUJRAT
2697,SOJITRA,GUJRAT
2698,KHAMBAT,GUJRAT
2699,THASRA,GUJRAT
2711,BARWALA,GUJRAT
2712,GANDHI NAGAR,GUJRAT
2713,DHANDHUKA,GUJRAT
2714,DHOLKA,GUJRAT
2715,VIRAMGAM,GUJRAT
2716,DEHGAM,GUJRAT
2717,SANAND,GUJRAT
2718,BAREJA,GUJRAT
2733,HARIJ,GUJRAT
2734,CHANASMA,GUJRAT
2735,DEODAR,GUJRAT
2737,THARAD,GUJRAT
2738,SANTALPUR,GUJRAT
2739,VADGAM,GUJRAT
2740,VAV,GUJRAT
2742,PALANPUR,GUJRAT
2744,DEESA,GUJRAT
2746,RADHANPUR,GUJRAT
2747,THARA,GUJRAT
2748,DHANERA,GUJRAT
2749,DANTA,GUJRAT
2751,CHOTILA,GUJRAT
2752,SURENDRANAGAR,GUJRAT
2753,LIMBDI,GUJRAT
2754,DHRANGADHRA,GUJRAT
2755,SAYLA,GUJRAT
2756,MULI,GUJRAT
2757,DASADA,GUJRAT
2758,HALVAD,GUJRAT
2759,LAKHTAR,GUJRAT
2761,KHERALU,GUJRAT
2762,MEHSANA,GUJRAT
2763,VIJAPUR,GUJRAT
2764,KALOL,GUJRAT
2765,VISNAGAR,GUJRAT
2766,PATAN,GUJRAT
2767,SIDHPUR,GUJRAT
2770,PRANTIJ,GUJRAT
2771,BHILODA,GUJRAT
2772,HIMATNAGAR,GUJRAT
2773,MALPUR,GUJRAT
2774,MODASA,GUJRAT
2775,KHEDBRAHMA,GUJRAT
2778,IDAR,GUJRAT
2779,BAYAD,GUJRAT
2791,BABRA,GUJRAT
2792,AMRELI,GUJRAT
2793,DAMNAGAR,GUJRAT
2794,RAJAULA,GUJRAT
2795,KODINAR,GUJRAT
2796,KUNKAWAV,GUJRAT
2797,DHARI,GUJRAT
2801,RANAVAV,GUJRAT
2803,KHAVDA,GUJRAT
2804,KUTIYANA,GUJRAT
2806,GOGODAR,GUJRAT
2808,SUMRASAR,GUJRAT
2820,PADDHARI,GUJRAT
2821,JASDAN,GUJRAT
2822,MORVI,GUJRAT
2823,JETPUR,GUJRAT
2824,DHORAJI,GUJRAT
2825,GONDAL,GUJRAT
2826,UPLETA,GUJRAT
2827,KOTDASANGHANI,GUJRAT
2828,WANKANER,GUJRAT
2829,MALIYA MIYANA,GUJRAT
2830,RAHPAR,GUJRAT
2831,NALIA,GUJRAT
2832,BHUJ,GUJRAT
2833,KHAMBHALIA,GUJRAT
2834,KUTCHMANDVI,GUJRAT
2835,NAKHATRANA,GUJRAT
2836,ANJAR,GUJRAT
2837,BHACHAV,GUJRAT
2838,MUNDRA,GUJRAT
2839,LAKHPAT,GUJRAT
2841,VALLABHIPUR,GUJRAT
2842,TALAJA,GUJRAT
2843,GARIADHAR,GUJRAT
2844,MAHUVA,GUJRAT
2845,SAVARKUNDLA,GUJRAT
2846,SIHOR,GUJRAT
2847,GADHADA,GUJRAT
2848,PALITANA,GUJRAT
2849,BOTAD,GUJRAT
2870,MALIA-HATINA,GUJRAT
2871,KESHOD,GUJRAT
2872,VANTHALI,GUJRAT
2873,VISAVADAR,GUJRAT
2874,MANAVADAR,GUJRAT
2875,UNA-DIU,GUJRAT
2876,VERAVAL,GUJRAT
2877,TALALA,GUJRAT
2878,MANGROL,GUJRAT
2891,JAMKALYANPUR,GUJRAT
2892,OKHA,GUJRAT
2893,JODIA,GUJRAT
2894,KALAWAD,GUJRAT
2895,LALPUR,GUJRAT
2896,BHANVAD,GUJRAT
2897,DHROL,GUJRAT
2898,JAMJODHPUR,GUJRAT
2900,SIWANA (E),RAJASTHAN
2901,SIWANA (W),RAJASTHAN
2902,BARMER (N ),RAJASTHAN
2903,CHOHTAN (S),RAJASTHAN
2904,DEOGARH,RAJASTHAN
2905,SARADA,RAJASTHAN
2906,SALUMBER,RAJASTHAN
2907,KHERWARA,RAJASTHAN
2908,AMET,RAJASTHAN
2909,BHIM(S),RAJASTHAN
2920,BILARA(N),RAJASTHAN
2921,PHALODI(N),RAJASTHAN
2922,OSIAN(N),RAJASTHAN
2923,PHALODI(E),RAJASTHAN
2924,PHALODI(W),RAJASTHAN
2925,PHALODI(S),RAJASTHAN
2926,OSIAN(S),RAJASTHAN
2927,OSIAN(E),RAJASTHAN
2928,SHERGARH(N),RAJASTHAN
2929,SHERGARH(S),RAJASTHAN
2930,BILARA(S),RAJASTHAN
2931,JODHPUR(W),RAJASTHAN
2932,PALI(S),RAJASTHAN
2933,BALI(N),RAJASTHAN
2934,DESURI,RAJASTHAN
2935,MARWAR-Jn,RAJASTHAN
2936,PALI(N),RAJASTHAN
2937,RAIPUR,RAJASTHAN
2938,BALI(S),RAJASTHAN
2939,JAITARAN,RAJASTHAN
2950,DHARIAWAD,RAJASTHAN
2951,BHIM(N),RAJASTHAN
2952,RAJSAMAND,RAJASTHAN
2953,NATHDWARA,RAJASTHAN
2954,KUMBALGARH,RAJASTHAN
2955,MALVI,RAJASTHAN
2956,GOGUNDA,RAJASTHAN
2957,VALLABHNAGAR,RAJASTHAN
2958,KOTRA,RAJASTHAN
2959,JHADOL,RAJASTHAN
2960,SOJAT,RAJASTHAN
2961,GHATOL,RAJASTHAN
2962,BANSWARA,RAJASTHAN
2963,GERHI,RAJASTHAN
2964,DUNGARPUR,RAJASTHAN
2965,KUSHALGARH,RAJASTHAN
2966,SAGWARA,RAJASTHAN
2967,ASPUR,RAJASTHAN
2968,BAGIDORA,RAJASTHAN
2969,BHINMAL(N),RAJASTHAN
2970,SANCHORE(W),RAJASTHAN
2971,PINDWARA,RAJASTHAN
2972,SIROHI,RAJASTHAN
2973,JALORE(E),RAJASTHAN
2974,ABU ROAD,RAJASTHAN
2975,REODAR,RAJASTHAN
2976,SHEOGANJ,RAJASTHAN
2977,JALORE(W),RAJASTHAN
2978,AHORE,RAJASTHAN
2979,SANCHORE(E),RAJASTHAN
2980,PACHPADARA (E),RAJASTHAN
2981,SHEO (W),RAJASTHAN
2982,BARMER (C ),RAJASTHAN
2983,BARMER (E ),RAJASTHAN
2984,BARMER (S ),RAJASTHAN
2985,BARMER (W ),RAJASTHAN
2986,BARMER (SW ),RAJASTHAN
2987,SHEO (E),RAJASTHAN
2988,PACHPADARA (W),RAJASTHAN
2989,CHOHTAN (N),RAJASTHAN
2990,BHINMAL(S),RAJASTHAN
2991,JAISALMER-01,RAJASTHAN
2992,JAISALMER-11,RAJASTHAN
2993,JAISALMER-12,RAJASTHAN
2994,POKARAN-4,RAJASTHAN
2995,POKARAN-1,RAJASTHAN
2996,POKARAN-3,RAJASTHAN
2997,JAISALMER-07,RAJASTHAN
2998,JAISALMER-05,RAJASTHAN
2999,JAISALMER-03,RAJASTHAN
3010,JAISALMER-04,RAJASTHAN
3011,JAISALMER-06,RAJASTHAN
3012,JAISALMER-08,RAJASTHAN
3013,JAISALMER-09,RAJASTHAN
3014,JAISALMER-10,RAJASTHAN
3015,JAISALMER-13,RAJASTHAN
3016,JAISALMER-14,RAJASTHAN
3017,POKARAN-2,RAJASTHAN
3018,JAISALMER-02,RAJASTHAN
3019,POKARAN-5,RAJASTHAN
3174,DAIMOND HARBOUR,WEST BENGAL
3210,KAKDWIP,WEST BENGAL
3211,ARAMBAGH,WEST BENGAL
3212,CHAMPADANGA,WEST BENGAL
3213,DHANIAKHALI,WEST BENGAL
3214,JAGATBALLAVPUR,WEST BENGAL
3215,BONGOAN,WEST BENGAL
3216,HABRA,WEST BENGAL
3217,BASIRHAT,WEST BENGAL
3218,CANNING,WEST BENGAL
3220,CONTAI,WEST BENGAL
3221,JHARGRAM,WEST BENGAL
3222,KHARAGPUR,WEST BENGAL
3223,NAYAGARH,WEST BENGAL
3224,HALDIA,WEST BENGAL
3225,GHATAL,WEST BENGAL
3227,AMLAGORA,WEST BENGAL
3228,TAMLUK,WEST BENGAL
3229,DANTAN,WEST BENGAL
3241,GANGAJALGHATI,WEST BENGAL
3242,BANKURA,WEST BENGAL
3243,KHATRA,WEST BENGAL
3244,BISHANPUR,WEST BENGAL
3251,ADRA,WEST BENGAL
3252,PURULIA,WEST BENGAL
3253,MANBAZAR,WEST BENGAL
3254,JHALDA,WEST BENGAL
3451,SEHARABAZAR,WEST BENGAL
3452,GUSKARA,WEST BENGAL
3453,KATWA,WEST BENGAL
3454,KALNA,WEST BENGAL
3461,RAMPUR HAT,WEST BENGAL
3462,SURI,WEST BENGAL
3463,BOLPUR,WEST BENGAL
3465,NALHATI,WEST BENGAL
3471,KARIMPUR,WEST BENGAL
3472,KRISHNANAGAR,WEST BENGAL
3473,RANAGHAT,WEST BENGAL
3474,BETHUADAHARI,WEST BENGAL
3481,ISLAMPUR(M),WEST BENGAL
3482,BERHAMPUR,WEST BENGAL
3483,MURSHIDABAD,WEST BENGAL
3484,KANDI,WEST BENGAL
3485,DHULIYAN,WEST BENGAL
3511,BULBULCHANDI,WEST BENGAL
3512,MALDA,WEST BENGAL
3513,HARISHCHANDRAPUR,WEST BENGAL
3521,GANGARAMPUR,WEST BENGAL
3522,BALURGHAT,WEST BENGAL
3523,RAIGANJ,WEST BENGAL
3524,HARIRAMPUR,WEST BENGAL
3525,DALKHOLA,WEST BENGAL
3526,ISLAMPUR(ND),WEST BENGAL
3552,KALIMPONG,WEST BENGAL
3561,JALPAIGURI,WEST BENGAL
3562,MAL BAZAR,WEST BENGAL
3563,BIRPARA,WEST BENGAL
3564,ALIPURDUAR,WEST BENGAL
3565,NAGARAKATA,WEST BENGAL
3566,KALCHINI,WEST BENGAL
3581,DINHATA,WEST BENGAL
3582,COOCHBEHAR,WEST BENGAL
3583,MATHABHANGA,WEST BENGAL
3584,MEKHLIGANJ,WEST BENGAL
3592,GANGTOK,SIKKAM
3595,GAUZING,SIKKAM
3621,BOKO,Assam
3623,BARAMA,Assam
3624,NALBARI,Assam
3637,CHERRAPUNJEE,MEGHALAYA
3638,NONGPOH,MEGHALAYA
3639,BAGHMARA,MEGHALAYA
3650,DADENGIRI,MEGHALAYA
3651,TURA,MEGHALAYA
3652,JOWAI,MEGHALAYA
3653,AMLAREN,MEGHALAYA
3654,NONGSTOIN,MEGHALAYA
3655,KHLIEHRIAT,MEGHALAYA
3656,MAWKYRWAT,MEGHALAYA
3657,MARIANG,MEGHALAYA
3658,WILLIAMNAGAR,MEGHALAYA
3659,RESUBELPARA,MEGHALAYA
3661,KOKARAJHAR,Assam
3662,DHUBRI,Assam
3663,GOALPARA,Assam
3664,HAJO,Assam
3665,TARABARIHAT,Assam
3666,BARPETA ROAD,Assam
3667,BILASIPARA,Assam
3668,BIJNI,Assam
3669,ABHAYAPURI,Assam
3670,MAIBONG,Assam
3671,DIPHU,Assam
3672,NAGAON,Assam
3673,HALFLONG,Assam
3674,HOJAI,Assam
3675,BOKAJAN,Assam
3676,HOWRAGHAT,Assam
3677,BAITHALANGSHU,Assam
3678,MORIGAON,Assam
3711,UDALGIRI,Assam
3712,TEZPUR,Assam
3713,MANGALDOI,Assam
3714,RANGAPARA,Assam
3715,GOHPUR,Assam
3751,DIGBOI,Assam
3752,NORTH LAKHIMPUR,Assam
3753,DHEMAJI,Assam
3754,MORANHAT,Assam
3756,SADIYA,Assam
3758,DHAKUAKHANA,Assam
3759,BIHUPURIA,Assam
3771,MARIANI,Assam
3772,SIBSAGAR,Assam
3774,GOLAGHAT,Assam
3775,MAJULI,Assam
3776,BOKAKHAT,Assam
3777,YIANG KIAG,Arunachal Pradash
3778,PAKKEKESANG,Arunachal Pradash
3779,ROING-III,Arunachal Pradash
3780,DIRANG,Arunachal Pradash
3782,KALAKTUNG,Arunachal Pradash
3783,ALONG,Arunachal Pradash
3784,NEFRA,Arunachal Pradash
3785,BAMENG,Arunachal Pradash
3786,KHONSA,Arunachal Pradash
3787,SEPPA,Arunachal Pradash
3788,KOLARING,Arunachal Pradash
3789,HURI,Arunachal Pradash
3790,TALI,Arunachal Pradash
3791,TALIHA,Arunachal Pradash
3792,DAPORIZO,Arunachal Pradash
3793,MECHUKA,Arunachal Pradash
3794,TAWANG,Arunachal Pradash
3795,BASAR,Arunachal Pradash
3797,PANGIN,Arunachal Pradash
3798,MARIYANG,Arunachal Pradash
3799,TUTING,Arunachal Pradash
3800,JAIRAMPUR,Arunachal Pradash
3801,ANINI,Arunachal Pradash
3802,ROING-II,Arunachal Pradash
3803,ROING-I,Arunachal Pradash
3804,TEZU,Arunachal Pradash
3805,HAYULIANG,Arunachal Pradash
3806,CHOWKHEM,Arunachal Pradash
3807,MIAO,Arunachal Pradash
3808,CHANGLANG,Arunachal Pradash
3809,SAGALEE,Arunachal Pradash
3821,R.K. PUR,TRIPURA
3822,DHARAM NAGAR,TRIPURA
3823,BELONIA,TRIPURA
3824,KAILASHAR,TRIPURA
3825,KHOWAI,TRIPURA
3826,AMBASA,TRIPURA
3830,CHAMPAI-II,MIZORAM
3831,CHAMPAI-I,MIZORAM
3834,DEMAGIRI,MIZORAM
3835,SAIHA-I,MIZORAM
3836,SAIHA-II,MIZORAM
3837,KOLASIB,MIZORAM
3838,AIZWAL-II,MIZORAM
3841,UDARBONDH,Assam
3842,SILCHAR,Assam
3843,KARIMGANJ,Assam
3844,HAILAKANDI,Assam
3845,UKHRUL CENTRAL,MANIPUR
3848,THOUBAL,MANIPUR
3870,UKHRUL SOUTH,MANIPUR
3871,MAO,MANIPUR
3872,CHANDEL,MANIPUR
3873,THINGHAT,MANIPUR
3874,CHURCHANDPUR,MANIPUR
3876,JIRIBAM,MANIPUR
3877,TAMENGLONG,MANIPUR
3878,CHAKPIKARONG,MANIPUR
3879,BISHENUPUR,MANIPUR
3880,SADARHILLS,MANIPUR
4111,SRIPERUMPUDUR,TAMILNADU
4112,KANCHIPURAM,TAMILNADU
4114,CHENGALPATTU,TAMILNADU
4115,MADURANTGAM,TAMILNADU
4116,TIRUVELLORE,TAMILNADU
4118,TIRUTTANI,TAMILNADU
4119,PONNERI,TAMILNADU
4142,CUDDALORE,TAMILNADU
4143,VIRUDHACHALAM,TAMILNADU
4144,CHIDAMBARAM,TAMILNADU
4145,GINGEE,TAMILNADU
4146,VILLUPURAM,TAMILNADU
4147,TINDIVANAM,TAMILNADU
4149,ULUNDURPET,TAMILNADU
4151,KALLKURICHI,TAMILNADU
4153,ARAKANDANALLUR,TAMILNADU
4171,GUDIYATHAM,TAMILNADU
4172,RANIPET,TAMILNADU
4173,ARNI,TAMILNADU
4174,VANIYAMBADI,TAMILNADU
4175,TIRUVANNAMALAI,TAMILNADU
4177,ARKONAM,TAMILNADU
4179,TIRUPATTUR,TAMILNADU
4181,POLUR,TAMILNADU
4182,TIRUVETTIPURAM,TAMILNADU
4183,WANDIWASH,TAMILNADU
4188,CHENGAM,TAMILNADU
4202,MULANUR,TAMILNADU
4204,KODUMUDI,TAMILNADU
4252,UDUMALPET,TAMILNADU
4253,ANAMALI,TAMILNADU
4254,METTUPALAYAM,TAMILNADU
4255,PALLADUM,TAMILNADU
4256,BHAVANI,TAMILNADU
4257,KANGAYAM,TAMILNADU
4258,DHARAMPURAM,TAMILNADU
4259,POLLACHI,TAMILNADU
4262,GUDALUR,TAMILNADU
4266,KOTAGIRI,TAMILNADU
4268,VELUR,TAMILNADU
4281,YERCAUD,TAMILNADU
4282,ATTUR,TAMILNADU
4283,SANKAGIRI,TAMILNADU
4285,GOBICHETTIPALAYAM,TAMILNADU
4286,NAMAKKAL,TAMILNADU
4287,RASIPURAM,TAMILNADU
4288,TIRUCHENGODE,TAMILNADU
4290,OMALPUR,TAMILNADU
4292,VALAPADY,TAMILNADU
4294,PERUNDURAI,TAMILNADU
4295,SATHIYAMANGALAM,TAMILNADU
4296,AVANASHI,TAMILNADU
4298,METTURDAM,TAMILNADU
4320,ARAVAKURICHI,TAMILNADU
4322,PUDUKKOTTAI,TAMILNADU
4323,KULITHALAI,TAMILNADU
4324,KARUR,TAMILNADU
4326,MUSIRI,TAMILNADU
4327,THURAIYURE,TAMILNADU
4328,PERAMBALUR,TAMILNADU
4329,ARIYALUR,TAMILNADU
4331,JAYAMKONDAN,TAMILNADU
4332,MANAPARAI,TAMILNADU
4333,PONNAMARAVATHI,TAMILNADU
4339,KEERANUR,TAMILNADU
4341,UTHANGARAI,TAMILNADU
4342,DHARMAPURI,TAMILNADU
4343,KRISHNAGIRI,TAMILNADU
4344,HOSUR,TAMILNADU
4346,HARUR,TAMILNADU
4347,DENKANIKOITAH,TAMILNADU
4348,PALACODE,TAMILNADU
4362,THANJAVUR,TAMILNADU
4364,MAYILADUTJURAI,TAMILNADU
4365,NAGAPATTINAM,TAMILNADU
4366,TIRUVARUR,TAMILNADU
4367,MANNARGUDI,TAMILNADU
4368,KARAIKAL,TAMILNADU
4369,THIRURAIPOONDI,TAMILNADU
4371,ARANTANGI,TAMILNADU
4372,ORATHANAD,TAMILNADU
4373,PATTUKOTTAI,TAMILNADU
4374,PAPANASAM,TAMILNADU
4542,KODAIKANAL,TAMILNADU
4543,BATLAGUNDU,TAMILNADU
4544,NATHAM,TAMILNADU
4545,PALANI,TAMILNADU
4546,THENI,TAMILNADU
4549,THIRUMANGLAM,TAMILNADU
4551,VEDASANDUR,TAMILNADU
4552,USILIAMPATTI,TAMILNADU
4553,ODDANCHATRAM,TAMILNADU
4554,CUMBUM,TAMILNADU
4561,DEVAKOTTAI,TAMILNADU
4562,VIRUDHUNAGAR,TAMILNADU
4563,RAJAPALAYAM,TAMILNADU
4564,PARAMAKUDI,TAMILNADU
4565,KARAIKUDI,TAMILNADU
4566,ARUPPUKOTTAI,TAMILNADU
4567,RAMANATHPURAM,TAMILNADU
4573,RAMESHWARAM,TAMILNADU
4574,MANAMADURAI,TAMILNADU
4575,SIVAGANGA,TAMILNADU
4576,MUDUKULATHUR,TAMILNADU
4577,TIRUPATHUR,TAMILNADU
4630,SRIVAIKUNDAM,TAMILNADU
4632,KOVILPATTI,TAMILNADU
4633,TENKASI,TAMILNADU
4634,AMBASAMUDRAM,TAMILNADU
4635,NANGUNERI,TAMILNADU
4636,SANKARAN KOIL,TAMILNADU
4637,VALLIYOOR,TAMILNADU
4638,VILATHIKULAM,TAMILNADU
4639,TIRUCHENDUR,TAMILNADU
4651,KUZHITHURAI,TAMILNADU
4652,NAGARCOIL,TAMILNADU
5111,AKBARPUR,UTTAR PRADESH
5112,BILHAUR,UTTAR PRADESH
5113,BHOGNIPUR,UTTAR PRADESH
5114,DERAPUR,UTTAR PRADESH
5115,GHATAMPUR,UTTAR PRADESH
5142,PURWA,UTTAR PRADESH
5143,HASANGANJ,UTTAR PRADESH
5144,SAFIPUR,UTTAR PRADESH
5162,ORAI,UTTAR PRADESH
5164,KALPI,UTTAR PRADESH
5165,KONCH,UTTAR PRADESH
5168,JALAUN,UTTAR PRADESH
5170,CHIRGAON,UTTAR PRADESH
5171,GARAUTH,UTTAR PRADESH
5172,MEHRAUN,UTTAR PRADESH
5174,JHANSI,UTTAR PRADESH
5175,LALITPUR-II,UTTAR PRADESH
5176,LALITPUR-I,UTTAR PRADESH
5178,MAURANIPUR,UTTAR PRADESH
5180,FATEHPUR-I,UTTAR PRADESH
5181,BINDKI,UTTAR PRADESH
5182,KHAGA,UTTAR PRADESH
5183,FATEHPUR-II,UTTAR PRADESH
5190,BABERU,UTTAR PRADESH
5191,NARAINI,UTTAR PRADESH
5192,BANDA,UTTAR PRADESH
5194,KARVI-II,UTTAR PRADESH
5195,MAU,UTTAR PRADESH
5198,KARVI-I,UTTAR PRADESH
5212,MALIHABAD,UTTAR PRADESH
5240,FATEHPUR,UTTAR PRADESH
5241,RAMSANEHI GHAT,UTTAR PRADESH
5244,HAIDERGARH,UTTAR PRADESH
5248,BARABANKI,UTTAR PRADESH
5250,BAHRAICH-II,UTTAR PRADESH
5251,KAISARGANJ-I,UTTAR PRADESH
5252,BAHRAICH-I,UTTAR PRADESH
5253,NANPARA-I,UTTAR PRADESH
5254,NANPARA-II,UTTAR PRADESH
5255,KAISARGANJ-II,UTTAR PRADESH
5260,TARABGANJ-I,UTTAR PRADESH
5261,TARABGANJ-II,UTTAR PRADESH
5262,GONDA,UTTAR PRADESH
5263,BALRAMPUR-I,UTTAR PRADESH
5264,BALRAMPUR-II,UTTAR PRADESH
5265,UTRAULA,UTTAR PRADESH
5270,BIKAPUR,UTTAR PRADESH
5271,AKBARPUR-I,UTTAR PRADESH
5273,TANDA-I,UTTAR PRADESH
5274,TANDA-II,UTTAR PRADESH
5275,AKBARPUR-II,UTTAR PRADESH
5278,FAIZABAD,UTTAR PRADESH
5280,RATH,UTTAR PRADESH
5281,MAHOBA,UTTAR PRADESH
5282,HAMIRPUR,UTTAR PRADESH
5283,CHARKHARI,UTTAR PRADESH
5284,MAUDAHA,UTTAR PRADESH
5311,SALON-I,UTTAR PRADESH
5313,SALON-II,UTTAR PRADESH
5315,DALMAU-II,UTTAR PRADESH
5317,DALMAU-I,UTTAR PRADESH
5331,BHARWARI,UTTAR PRADESH
5332,PHOOLPUR,UTTAR PRADESH
5333,KARCHHANA,UTTAR PRADESH
5334,MEJA,UTTAR PRADESH
5335,SORAON,UTTAR PRADESH
5341,KUNDA,UTTAR PRADESH
5342,PRATAPGARH,UTTAR PRADESH
5343,PATTI,UTTAR PRADESH
5361,MUSAFIRKHANA,UTTAR PRADESH
5362,SULTANPUR,UTTAR PRADESH
5364,KADIPUR,UTTAR PRADESH
5368,AMETHI,UTTAR PRADESH
5412,CHANDAULI,UTTAR PRADESH
5413,CHAKIA,UTTAR PRADESH
5414,BHADOHI,UTTAR PRADESH
5440,MIRZAPUR-II,UTTAR PRADESH
5442,MIRZAPUR-I,UTTAR PRADESH
5443,CHUNUR,UTTAR PRADESH
5444,ROBERTSGANJ-I,UTTAR PRADESH
5445,ROBERTSGANJ-II,UTTAR PRADESH
5446,DUDHI-II,UTTAR PRADESH
5447,DUDHI-I,UTTAR PRADESH
5450,KERAKAT,UTTAR PRADESH
5451,MARIYAHU,UTTAR PRADESH
5452,JAUNPUR,UTTAR PRADESH
5453,SHAHGANJ,UTTAR PRADESH
5454,MACHLISHAHAR,UTTAR PRADESH
5460,PHULPUR-I,UTTAR PRADESH
5461,GHOSI,UTTAR PRADESH
5462,AZAMGARH,UTTAR PRADESH
5463,LALGANJ,UTTAR PRADESH
5464,MAUNATHBHANJAN,UTTAR PRADESH
5465,PHULPUR-II,UTTAR PRADESH
5466,SAGRI,UTTAR PRADESH
5491,RASARA,UTTAR PRADESH
5493,MOHAMDABAD,UTTAR PRADESH
5494,BANSDEEH,UTTAR PRADESH
5495,SAIDPUR,UTTAR PRADESH
5496,BALLIA-II,UTTAR PRADESH
5497,ZAMANIA,UTTAR PRADESH
5498,BALLIA-I,UTTAR PRADESH
5521,BANSGAON-II,UTTAR PRADESH
5522,PHARENDA-I,UTTAR PRADESH
5523,MAHARAJGANJ,UTTAR PRADESH
5524,PHARENDA-II,UTTAR PRADESH
5525,BANSGAON-I,UTTAR PRADESH
5541,DOMARIYAGANJ,UTTAR PRADESH
5542,BASTI,UTTAR PRADESH
5543,NAUGARH-II,UTTAR PRADESH
5544,NAUGARH-I,UTTAR PRADESH
5545,BANSI,UTTAR PRADESH
5546,HARRAIYA,UTTAR PRADESH
5547,KHALILABAD-I,UTTAR PRADESH
5548,KHALILABAD-II,UTTAR PRADESH
5561,SALEMPUR-II,UTTAR PRADESH
5563,CAPIANGANJ-II,UTTAR PRADESH
5564,PADRAUNA,UTTAR PRADESH
5566,SALEMPUR-I,UTTAR PRADESH
5567,CAPTANGANJ-I,UTTAR PRADESH
5568,DEORIA,UTTAR PRADESH
5612,FEROZABAD,UTTAR PRADESH
5613,ACHHNERA,UTTAR PRADESH
5614,JARAR,UTTAR PRADESH
5640,KAMAN,RAJASTHAN
5641,DEEG,RAJASTHAN
5642,DHOLPUR,RAJASTHAN
5643,NADBAI,RAJASTHAN
5644,BHARATPUR,RAJASTHAN
5645,RUPBAS,RAJASTHAN
5646,BASERI,RAJASTHAN
5647,BARI,RAJASTHAN
5648,BAYANA,RAJASTHAN
5661,SADABAD,UTTAR PRADESH
5662,CHHATA,UTTAR PRADESH
5664,MATH,UTTAR PRADESH
5671,JASRANA,UTTAR PRADESH
5672,MAINPURI,UTTAR PRADESH
5673,BHOGAON,UTTAR PRADESH
5676,SHIKOHABAD,UTTAR PRADESH
5677,KARHAL,UTTAR PRADESH
5680,BHARTHANA,UTTAR PRADESH
5681,BIDHUNA,UTTAR PRADESH
5683,AURAIYA,UTTAR PRADESH
5688,ETAWAH,UTTAR PRADESH
5690,KAIMGANJ,UTTAR PRADESH
5691,CHHIBRAMAU,UTTAR PRADESH
5692,FARRUKHABAD,UTTAR PRADESH
5694,KANNAUJ,UTTAR PRADESH
5721,SIKANDRA RAO,UTTAR PRADESH
5722,HATHRAS,UTTAR PRADESH
5723,ATRAULI,UTTAR PRADESH
5724,KHAIR,UTTAR PRADESH
5731,GARHMUKTESHWAR,UTTAR PRADESH
5732,BULANDSHAHAR,UTTAR PRADESH
5733,PAHASU,UTTAR PRADESH
5734,DEBAI,UTTAR PRADESH
5735,SIKANDRABAD,UTTAR PRADESH
5736,SIYANA,UTTAR PRADESH
5738,KHURJA,UTTAR PRADESH
5740,ALIGANJ,UTTAR PRADESH
5742,ETAH,UTTAR PRADESH
5744,KASGANJ,UTTAR PRADESH
5745,JALESAR,UTTAR PRADESH
5821,PITAMBERPUR,UTTAR PRADESH
5822,BAHERI,UTTAR PRADESH
5823,ANOLA-I,UTTAR PRADESH
5824,ANOLA-II,UTTAR PRADESH
5825,NAWABGANJ,UTTAR PRADESH
5831,DATAGANJ,UTTAR PRADESH
5832,BADAUN,UTTAR PRADESH
5833,SAHASWAN,UTTAR PRADESH
5834,BISAULI,UTTAR PRADESH
5836,GUNNAUR,UTTAR PRADESH
5841,TILHAR,UTTAR PRADESH
5842,SAHJAHANPUR,UTTAR PRADESH
5843,JALALABAD,UTTAR PRADESH
5844,POWAYAN,UTTAR PRADESH
5850,HARDOI-II,UTTAR PRADESH
5851,BILGRAM-I,UTTAR PRADESH
5852,HARDOI-I,UTTAR PRADESH
5853,SHAHABAD,UTTAR PRADESH
5854,SANDILA,UTTAR PRADESH
5855,BILGRAM-II,UTTAR PRADESH
5861,MISRIKH-II,UTTAR PRADESH
5862,SITAPUR,UTTAR PRADESH
5863,BISWAN,UTTAR PRADESH
5864,SIDHAULI,UTTAR PRADESH
5865,MISRIKH-I,UTTAR PRADESH
5870,KHERI-II,UTTAR PRADESH
5871,NIGHASAN-I,UTTAR PRADESH
5872,KHERI-I,UTTAR PRADESH
5873,NIGHASAN-II,UTTAR PRADESH
5874,NIGHASAN-III,UTTAR PRADESH
5875,MOHAMDI-II,UTTAR PRADESH
5876,MOHAMDI-I,UTTAR PRADESH
5880,PURANPUR,UTTAR PRADESH
5881,BISALPUR,UTTAR PRADESH
5882,PILIBHIT,UTTAR PRADESH
5921,BILARI,UTTAR PRADESH
5922,AMROHA,UTTAR PRADESH
5923,SAMBHAL,UTTAR PRADESH
5924,HASANPUR,UTTAR PRADESH
5942,NAINITAL,UTTARANCHAL
5943,KHATIMA-I,UTTARANCHAL
5944,KICHHA-I,UTTARANCHAL
5945,HALDWANI-II,UTTARANCHAL
5946,HALDWANI-I,UTTARANCHAL
5947,KASHIPUR,UTTARANCHAL
5948,KHATIMA-II,UTTARANCHAL
5949,KICHHA-II,UTTARANCHAL
5960,SHAHABAD,UTTAR PRADESH
5961,MUNSIARI,UTTARANCHAL
5962,ALMORA,UTTARANCHAL
5963,BAGESHWAR,UTTARANCHAL
5964,PITHORAGARH,UTTARANCHAL
5965,CHAMPAWAT,UTTARANCHAL
5966,RANIKHET,UTTARANCHAL
5967,DHARCHULA,UTTARANCHAL
6111,HILSA,Bihar
6112,BIHARSHARIF,Bihar
6114,JAHANABAD,Bihar
6115,DANAPUR,Bihar
6132,BARH,Bihar
6135,BIKRAM,Bihar
6150,HATHUA,Bihar
6151,SIDHAWALIA,Bihar
6152,CHAPARA,Bihar
6153,MAHARAJGANJ,Bihar
6154,SIWAN,Bihar
6155,EKMA,Bihar
6156,GOPALGANJ,Bihar
6157,MAIRWA,Bihar
6158,SONEPUR,Bihar
6159,MASRAKH,Bihar
6180,ADHAURA,Bihar
6181,PIRO,Bihar
6182,ARRAH,Bihar
6183,BUXER,Bihar
6184,SASARAM,Bihar
6185,BIKRAMGANJ,Bihar
6186,AURANGABAD,Bihar
6187,MOHANIA,Bihar
6188,ROHTAS,Bihar
6189,BHABHUA,Bihar
6222,SHEOHAR,Bihar
6223,MOTIPUR,Bihar
6224,HAJIPUR,Bihar
6226,SITAMARHI,Bihar
6227,MAHUA,Bihar
6228,PUPRI,Bihar
6229,BIDUPUR,Bihar
6242,BENIPUR,Bihar
6243,BEGUSARAI,Bihar
6244,KHAGARIA,Bihar
6245,GOGRI,Bihar
6246,JAINAGAR,Bihar
6247,SINGHWARA,Bihar
6250,DHAKA,Bihar
6251,BAGAHA,Bihar
6252,MOTIHARI,Bihar
6253,NARKATIAGANJ,Bihar
6254,BETTIAH,Bihar
6255,RAXAUL,Bihar
6256,RAMNAGAR,Bihar
6257,BARACHAKIA,Bihar
6258,ARERAJ,Bihar
6259,PAKRIDAYAL,Bihar
6271,BENIPATTI,Bihar
6272,DARBHANGA,Bihar
6273,JHANJHARPUR,Bihar
6274,SAMASTIPUR,Bihar
6275,ROSERA,Bihar
6276,MADHUBANI,Bihar
6277,PHULPARAS,Bihar
6278,DALSINGHSARAI,Bihar
6279,BARAUNI,Bihar
6322,WAZIRGANJ,Bihar
6323,DUMRAON,Bihar
6324,NAWADA,Bihar
6325,PAKRIBARWAN,Bihar
6326,SHERGHATI,Bihar
6327,RAFIGANJ,Bihar
6328,DAUDNAGAR,Bihar
6331,IMAMGANJ,Bihar
6332,NABINAGAR,Bihar
6336,RAJAULI,Bihar
6337,ARWAL,Bihar
6341,SEIKHPURA,Bihar
6342,H.KHARAGPUR,Bihar
6344,MONGHYR,Bihar
6345,JAMUI,Bihar
6346,LAKHISARAI,Bihar
6347,CHAKAI,Bihar
6348,MALLEHPUR,Bihar
6349,JHAJHA,Bihar
6420,AMARPUR,Bihar
6421,NAUGACHIA,Bihar
6422,GODDA,JHARKHAND
6423,MAHESHPUR RAJ,JHARKHAND
6424,BANKA,Bihar
6425,KATORIA,Bihar
6426,RAJMAHAL,JHARKHAND
6427,KATHIKUND,JHARKHAND
6428,NALA,JHARKHAND
6429,KAHALGAON,Bihar
6431,JHARMUNDI,JHARKHAND
6432,DEOGHAR,JHARKHAND
6433,JAMTARA,JHARKHAND
6434,DUMKA,JHARKHAND
6435,PAKUR,JHARKHAND
6436,SAHIBGANJ,JHARKHAND
6437,MAHAGAMA,JHARKHAND
6438,MADHUPUR,JHARKHAND
6451,BAROSI,Bihar
6452,KATIHAR,Bihar
6453,ARARIA,Bihar
6454,PURENA,Bihar
6455,FORBESGANJ,Bihar
6457,KORHA,Bihar
6459,THAKURGANJ,Bihar
6461,RANIGANJ,Bihar
6462,DHAMDAHA,Bihar
6466,KISHANGANJ,Bihar
6467,BANMANKHI,Bihar
6471,BIRPUR,Bihar
6473,SUPAUL,Bihar
6475,S.BAKHTIARPUR,Bihar
6476,MADHEPURA,Bihar
6477,TRIVENIGANJ,Bihar
6478,SAHARSA,Bihar
6479,UDAKISHANGANJ,Bihar
6522,MURI,JHARKHAND
6523,GHAGHRA,JHARKHAND
6524,GUMLA,JHARKHAND
6525,SIMDEGA,JHARKHAND
6526,LOHARDAGA,JHARKHAND
6527,KOLEBIRA,JHARKHAND
6528,KHUNTI,JHARKHAND
6529,ITKI,JHARKHAND
6530,BUNDU,JHARKHAND
6531,MANDAR,JHARKHAND
6532,GIRIDIH,JHARKHAND
6533,BASIA,JHARKHAND
6534,JHUMARITALAIYA,JHARKHAND
6535,CHAINPUR,JHARKHAND
6536,PALKOT,JHARKHAND
6538,TORPA,JHARKHAND
6539,BOLWA,JHARKHAND
6540,GOVINDPUR,JHARKHAND
6541,CHATRA,JHARKHAND
6542,BOKARO,JHARKHAND
6543,BARHI,JHARKHAND
6544,GOMIA,JHARKHAND
6545,MANDU,JHARKHAND
6546,HAZARIBAGH,JHARKHAND
6547,CHAVPARAN,JHARKHAND
6548,ICHAK,JHARKHAND
6549,BERMO,JHARKHAND
6550,HUNTERGANJ,JHARKHAND
6551,BARKAGAON,JHARKHAND
6553,RAMGARH,JHARKHAND
6554,RAJDHANWAR,JHARKHAND
6556,TISRI,JHARKHAND
6557,BAGODAR,JHARKHAND
6558,DUMRI,JHARKHAND
6559,SIMARIA,JHARKHAND
6560,PATAN,JHARKHAND
6561,GARHWA,JHARKHAND
6562,DALTONGANJ,JHARKHAND
6563,BHAWANATHPUR,JHARKHAND
6564,NAGARUTATRI,JHARKHAND
6565,LATEHAR,JHARKHAND
6566,JAPLA,JHARKHAND
6567,BARWADIH,JHARKHAND
6568,BALUMATH,JHARKHAND
6569,GARU,JHARKHAND
6581,BHANDARIA,JHARKHAND
6582,CHAIBASA,JHARKHAND
6583,KHARSAWA,JHARKHAND
6584,BISHRAMPUR,JHARKHAND
6585,GHATSILA,JHARKHAND
6586,CHAINPUR,JHARKHAND
6587,CHAKARDHARPUR,JHARKHAND
6588,JAGARNATHPUR,JHARKHAND
6589,JHINKPANI,JHARKHAND
6591,CHANDIL,JHARKHAND
6593,MANOHARPUR,JHARKHAND
6594,BAHARAGORA,JHARKHAND
6596,NOAMUNDI,JHARKHAND
6597,SARAIKELA,JHARKHAND
6621,HEMGIRI,ORISSA
6622,SUNDERGARH,ORISSA
6624,RAJGANGPUR,ORISSA
6625,LAHUNIPARA,ORISSA
6626,BANAIGARH,ORISSA
6640,BAGDIHI,ORISSA
6641,DEODGARH,ORISSA
6642,KUCHINDA,ORISSA
6643,BARKOT,ORISSA
6644,RAIRAKHOL,ORISSA
6645,JHARSUGUDA,ORISSA
6646,BARGARH,ORISSA
6647,NAKTIDEUL,ORISSA
6648,PATNAGARH,ORISSA
6649,JAMANKIRA,ORISSA
6651,BIRMAHARAJPUR,ORISSA
6652,BALANGIR,ORISSA
6653,DUNGURIPALI,ORISSA
6654,SONAPUR,ORISSA
6655,TITLAGARH,ORISSA
6657,KANTABHANJI,ORISSA
6670,BHAWANIPATNA,ORISSA
6671,RAJKHARIAR,ORISSA
6672,DHARAMGARH,ORISSA
6673,JAYAPATNA,ORISSA
6675,T. RAMPUR,ORISSA
6676,M. RAMPUR,ORISSA
6677,NARLAROAD,ORISSA
6678,NOWPARATAN,ORISSA
6679,KOMANA,ORISSA
6681,JUJUMURA,ORISSA
6682,ATTABIRA,ORISSA
6683,PADAMPUR,ORISSA
6684,PAIKAMAL,ORISSA
6685,SOHELA,ORISSA
6721,NARSINGHPUR,ORISSA
6722,PARDIP,ORISSA
6723,ATHGARH,ORISSA
6724,JAGATSINGHPUR,ORISSA
6725,DHANMANDAL,ORISSA
6726,JAJPUR ROAD,ORISSA
6727,KENDRAPARA,ORISSA
6728,JAJPUR TOWN,ORISSA
6729,PATTAMUNDAI,ORISSA
6731,ANANDAPUR,ORISSA
6732,HINDOL,ORISSA
6733,GHATGAON,ORISSA
6735,TELKOI,ORISSA
6752,PURI,ORISSA
6753,NAYAGARH,ORISSA
6755,KHURDA,ORISSA
6756,BALUGAON,ORISSA
6757,DASPALLA,ORISSA
6758,NIMAPARA,ORISSA
6760,TALCHER,ORISSA
6761,CHHENDIPADA,ORISSA
6762,DHENKANAL,ORISSA
6763,ATHMALLIK,ORISSA
6764,ANUGUL,ORISSA
6765,PALLA HARA,ORISSA
6766,KEONJHAR,ORISSA
6767,BARBIL,ORISSA
6768,PARAJANG,ORISSA
6769,KAMAKHYANAGAR,ORISSA
6781,BASTA,ORISSA
6782,BALASORE,ORISSA
6784,BHADRAK,ORISSA
6786,CHANDBALI,ORISSA
6788,SORO,ORISSA
6791,BANGIRIPOSI,ORISSA
6792,BARIPADA,ORISSA
6793,BETANATI,ORISSA
6794,RAIRANGPUR,ORISSA
6795,UDALA,ORISSA
6796,KARANJIA,ORISSA
6797,JASHIPUR,ORISSA
6810,KHALIKOTE,ORISSA
6811,CHHATRAPUR,ORISSA
6814,DIGAPAHANDI,ORISSA
6815,PARLAKHEMUNDI,ORISSA
6816,MOHANA,ORISSA
6817,R. UDAYIGIRI,ORISSA
6818,BUGUDA,ORISSA
6819,SURADA,ORISSA
6821,BHANJANAGAR,ORISSA
6822,ASKA,ORISSA
6840,TUMUDIBANDHA,ORISSA
6841,BOUDH,ORISSA
6842,PHULBANI,ORISSA
6843,PURUNA KATAK,ORISSA
6844,KANTAMAL,ORISSA
6845,PHIRINGIA,ORISSA
6846,BALIGUDA,ORISSA
6847,G. UDAYAGIRI,ORISSA
6848,KOTAGARH,ORISSA
6849,DARINGBADI,ORISSA
6850,KALIMELA,ORISSA
6852,KORAPUT,ORISSA
6853,SUNABEDA,ORISSA
6854,JEYPUR,ORISSA
6855,LAXMIPUR,ORISSA
6856,RAYAGADA,ORISSA
6857,GUNUPUR,ORISSA
6858,NOWRANGAPUR,ORISSA
6859,MOTU,ORISSA
6860,BORIGUMA,ORISSA
6861,MALKANGIRI,ORISSA
6862,GUDARI,ORISSA
6863,BISAM CUTTACK,ORISSA
6864,MATHILI,ORISSA
6865,KASHIPUR,ORISSA
6866,UMERKOTE,ORISSA
6867,JHARIGAN,ORISSA
6868,NANDAPUR,ORISSA
6869,PAPADHANDI,ORISSA
7100,KUHI,MAHARASHTRA
7102,PARSEONI,MAHARASHTRA
7103,BUTIBORI,MAHARASHTRA
7104,HINGUA,MAHARASHTRA
7105,NARKHED,MAHARASHTRA
7106,BHIWAPUR,MAHARASHTRA
7109,KAMPTEE,MAHARASHTRA
7112,KATOL,MAHARASHTRA
7113,SAONER,MAHARASHTRA
7114,RAMTEK,MAHARASHTRA
7115,MOUDA,MAHARASHTRA
7116,UMRER,MAHARASHTRA
7118,KALMESHWAR,MAHARASHTRA
7131,SIRONCHA,MAHARASHTRA
7132,GADHCHIROLI,MAHARASHTRA
7133,AHERI,MAHARASHTRA
7134,BHAMREGADH,MAHARASHTRA
7135,CHAMORSHI,MAHARASHTRA
7136,ETAPALLI,MAHARASHTRA
7137,DESAIGANJ,MAHARASHTRA
7138,DHANORA,MAHARASHTRA
7139,KURKHEDA,MAHARASHTRA
7141,BETUL,MADHYA PRADESH
7142,BHIMPUR,MADHYA PRADESH
7143,BHAINSDEHI,MADHYA PRADESH
7144,ATNER,MADHYA PRADESH
7145,CHICHOLI,MADHYA PRADESH
7146,GHORANDOGRI,MADHYA PRADESH
7147,MULTAI,MADHYA PRADESH
7148,PRABHAPATTAN,MADHYA PRADESH
7149,TAMIA,MADHYA PRADESH
7151,SAMUDRAPUR,MAHARASHTRA
7152,WARDHA,MAHARASHTRA
7153,HINGANGHAT,MAHARASHTRA
7155,SELOO,MAHARASHTRA
7156,TALEGAON S.JI PANT,MAHARASHTRA
7157,ARVI,MAHARASHTRA
7158,DEOLI,MAHARASHTRA
7160,JAMAI,MADHYA PRADESH
7161,PARASIA,MADHYA PRADESH
7162,CHHINDWARA,MADHYA PRADESH
7164,PANDHURNA,MADHYA PRADESH
7165,SAUNSAR,MADHYA PRADESH
7166,CHAURAI,MADHYA PRADESH
7167,AMARWADA,MADHYA PRADESH
7168,HARRAI,MADHYA PRADESH
7169,BATKAKHAPA,MADHYA PRADESH
7170,CHUMUR,MAHARASHTRA
7171,GONDPIPRI,MAHARASHTRA
7172,CHANDRAPUR,MAHARASHTRA
7173,RAJURA,MAHARASHTRA
7174,MUL,MAHARASHTRA
7175,BHADRAWATI,MAHARASHTRA
7176,WARORA,MAHARASHTRA
7177,BRAHMAPURI,MAHARASHTRA
7178,SINDERWAHI,MAHARASHTRA
7179,NAGBHIR,MAHARASHTRA
7180,SALEKASA,MAHARASHTRA
7181,LAKHANDUR,MAHARASHTRA
7182,GONDIA,MAHARASHTRA
7183,TUMSAR,MAHARASHTRA
7184,BHANDARA,MAHARASHTRA
7185,PAUNI,MAHARASHTRA
7186,SAKOLI,MAHARASHTRA
7187,GOREGAON,MAHARASHTRA
7189,AMAGAON,MAHARASHTRA
7196,ARJUNI MEROGAON,MAHARASHTRA
7197,MOHADI,MAHARASHTRA
7198,TIRORA,MAHARASHTRA
7199,DEORI,MAHARASHTRA
7201,KALAMB,MAHARASHTRA
7202,RALEGAON,MAHARASHTRA
7203,BABHULGAON,MAHARASHTRA
7220,CHHIKALDARA,MAHARASHTRA
7221,NANDGAON,MAHARASHTRA
7222,CHANDUR RLY.,MAHARASHTRA
7223,ACHALPUR,MAHARASHTRA
7224,DARYAPUR,MAHARASHTRA
7225,TIWASA,MAHARASHTRA
7226,DHARANI,MAHARASHTRA
7227,CHANDURBAZAR,MAHARASHTRA
7228,MORSHI,MAHARASHTRA
7229,WARLYDWARUD,MAHARASHTRA
7230,GHATANJI,MAHARASHTRA
7231,UMARKHED,MAHARASHTRA
7232,YEOTMAL,MAHARASHTRA
7233,PUSAD,MAHARASHTRA
7234,DIGRAS,MAHARASHTRA
7235,PANDHARKAWADA,MAHARASHTRA
7236,MAHAGAON,MAHARASHTRA
7237,MAREGAON,MAHARASHTRA
7238,DARWAHA,MAHARASHTRA
7239,WANI,MAHARASHTRA
7251,RISOD,MAHARASHTRA
7252,WASHIM,MAHARASHTRA
7253,MANGRULPUR,MAHARASHTRA
7254,MALGAON,MAHARASHTRA
7255,BARSHI TAKLI,MAHARASHTRA
7256,MURTIZAPUR,MAHARASHTRA
7257,BALAPUR,MAHARASHTRA
7258,AKOT,MAHARASHTRA
7260,LONAR,MAHARASHTRA
7261,DEOLGAONRAJA,MAHARASHTRA
7262,BULDHANA,MAHARASHTRA
7263,KHAMGAON,MAHARASHTRA
7264,CHIKHALI,MAHARASHTRA
7266,JALGAONJAMOD,MAHARASHTRA
7267,MALKAPUR,MAHARASHTRA
7268,MEKHAR,MAHARASHTRA
7269,SINDKHEDARAJA,MAHARASHTRA
7270,SONKATCH,MADHYA PRADESH
7271,BAGLI,MADHYA PRADESH
7272,DEWAS,MADHYA PRADESH
7273,KANNOD,MADHYA PRADESH
7274,KHATEGAON,MADHYA PRADESH
7279,NANDNVA,MAHARASHTRA
7280,BARWAHA,MADHYA PRADESH
7281,SENDHWA,MADHYA PRADESH
7282,KHARGONE,MADHYA PRADESH
7283,MAHESHWAR,MADHYA PRADESH
7284,RAJPUR,MADHYA PRADESH
7285,KASRAWAD,MADHYA PRADESH
7286,KHETIA,MADHYA PRADESH
7287,GOGAON,MADHYA PRADESH
7288,BHIKANGAON,MADHYA PRADESH
7289,ZHIRNIA,MADHYA PRADESH
7290,BADWANI,MADHYA PRADESH
7291,MANAWAR,MADHYA PRADESH
7292,DHAR,MADHYA PRADESH
7294,DHARAMPURI,MADHYA PRADESH
7295,BADNAWAR,MADHYA PRADESH
7296,SARDARPUR,MADHYA PRADESH
7297,KUKSHI,MADHYA PRADESH
7320,PANDHANA,MADHYA PRADESH
7321,SANWER,MADHYA PRADESH
7322,DEPALPUR,MADHYA PRADESH
7323,PUNASA,MADHYA PRADESH
7324,MHOW,MADHYA PRADESH
7325,BURHANPUR,MADHYA PRADESH
7326,BALDI,MADHYA PRADESH
7327,HARSUD,MADHYA PRADESH
7328,KHALWA,MADHYA PRADESH
7329,KHAKNER,MADHYA PRADESH
7360,SHUJALPUR,MADHYA PRADESH
7361,SUSNER,MADHYA PRADESH
7362,AGAR,MADHYA PRADESH
7363,BERCHHA,MADHYA PRADESH
7364,SHAJAPUR,MADHYA PRADESH
7365,MAHIDPURCITY,MADHYA PRADESH
7366,KHACHROD,MADHYA PRADESH
7367,BADNAGAR,MADHYA PRADESH
7368,GHATIA,MADHYA PRADESH
7369,TARANA,MADHYA PRADESH
7370,KHILCHIPUR,MADHYA PRADESH
7371,SARANGPUR,MADHYA PRADESH
7372,RAJGARH,MADHYA PRADESH
7374,BIAORA,MADHYA PRADESH
7375,NARSINGARH,MADHYA PRADESH
7390,THANDLA,MADHYA PRADESH
7391,PETLAWAD,MADHYA PRADESH
7392,JHABUA,MADHYA PRADESH
7393,JOBAT,MADHYA PRADESH
7394,ALIRAJPUR,MADHYA PRADESH
7395,SONDHWA,MADHYA PRADESH
7410,A LOT,MADHYA PRADESH
7412,RATLAM,MADHYA PRADESH
7413,SAILANA,MADHYA PRADESH
7414,JAORA,MADHYA PRADESH
7420,JAWAD,MADHYA PRADESH
7421,MANASA,MADHYA PRADESH
7422,MANDSAUR,MADHYA PRADESH
7423,NEEMUCH,MADHYA PRADESH
7424,MALHARGARH,MADHYA PRADESH
7425,GAROTH,MADHYA PRADESH
7426,SITAMAU,MADHYA PRADESH
7427,BHANPURA,MADHYA PRADESH
7430,KHANPUR,RAJASTHAN
7431,AKLERA,RAJASTHAN
7432,JHALAWAR,RAJASTHAN
7433,PACHPAHAR,RAJASTHAN
7434,PIRAWA,RAJASTHAN
7435,GANGDHAR,RAJASTHAN
7436,HINDOLI,RAJASTHAN
7437,NAINWA,RAJASTHAN
7438,KESHORAIPATAN,RAJASTHAN
7450,SANGOD,RAJASTHAN
7451,ATRU,RAJASTHAN
7452,CHHABRA,RAJASTHAN
7453,BARAN,RAJASTHAN
7454,CHHIPABORAD,RAJASTHAN
7455,DIGOD,RAJASTHAN
7456,KISHANGANJ,RAJASTHAN
7457,MANGROL,RAJASTHAN
7458,PIPALDA,RAJASTHAN
7459,RAMGANJ MANDI,RAJASTHAN
7460,SAHABAD,RAJASTHAN
7461,MAHUWA,RAJASTHAN
7462,SAWAIMADHOPUR,RAJASTHAN
7463,GANGAPUR,RAJASTHAN
7464,KARAULI,RAJASTHAN
7465,SAPOTRA,RAJASTHAN
7466,BONLI,RAJASTHAN
7467,BAMANWAS,RAJASTHAN
7468,KHANDAR,RAJASTHAN
7469,HINDAUN,RAJASTHAN
7480,GOHARGANJ,MADHYA PRADESH
7481,GAIRATGANJ,MADHYA PRADESH
7482,RAISEN,MADHYA PRADESH
7484,SILWANI,MADHYA PRADESH
7485,UDAIPURA,MADHYA PRADESH
7486,BARELI,MADHYA PRADESH
7487,BEGAMGANJ,MADHYA PRADESH
7490,POHARI,MADHYA PRADESH
7491,NARWAR,MADHYA PRADESH
7492,SHIVPURI,MADHYA PRADESH
7493,KARERA,MADHYA PRADESH
7494,KOLARAS,MADHYA PRADESH
7495,BADARWSAS,MADHYA PRADESH
7496,PICHHORE,MADHYA PRADESH
7497,KHANIADHANA,MADHYA PRADESH
7521,SEONDHA,MADHYA PRADESH
7522,DATIA,MADHYA PRADESH
7523,BHANDER,MADHYA PRADESH
7524,DABRA,MADHYA PRADESH
7525,BHITARWAR,MADHYA PRADESH
7526,GHATIGAON,MADHYA PRADESH
7527,MEHGAON,MADHYA PRADESH
7528,BIJAYPUR,MADHYA PRADESH
7529,LAHER,MADHYA PRADESH
7530,SHEOPURKALAN,MADHYA PRADESH
7531,BARODA,MADHYA PRADESH
7532,MORENA,MADHYA PRADESH
7533,KARHAL,MADHYA PRADESH
7534,BHIND,MADHYA PRADESH
7535,RAGHUNATHPUR,MADHYA PRADESH
7536,SABALGARH,MADHYA PRADESH
7537,JORA,MADHYA PRADESH
7538,AMBAH,MADHYA PRADESH
7539,GOHAD,MADHYA PRADESH
7540,BAMORI,MADHYA PRADESH
7541,ISAGARH,MADHYA PRADESH
7542,GUNA,MADHYA PRADESH
7543,ASHOKNAGAR,MADHYA PRADESH
7544,RAGHOGARH,MADHYA PRADESH
7545,ARONE,MADHYA PRADESH
7546,CHACHAURA,MADHYA PRADESH
7547,CHANDERI,MADHYA PRADESH
7548,MUNGAOLI,MADHYA PRADESH
7560,ASHTA,MADHYA PRADESH
7561,ICHHAWAR,MADHYA PRADESH
7562,SEHORE,MADHYA PRADESH
7563,NASRULLAGANJ,MADHYA PRADESH
7564,BUDHNI,MADHYA PRADESH
7565,BERASIA,MADHYA PRADESH
7570,SEONIMALWA,MADHYA PRADESH
7571,KHIRKIYA,MADHYA PRADESH
7572,ITARSI,MADHYA PRADESH
7573,TIMARANI,MADHYA PRADESH
7574,HOSHANGABAD,MADHYA PRADESH
7575,SOHAGPUR,MADHYA PRADESH
7576,PIPARIA,MADHYA PRADESH
7577,HARDA,MADHYA PRADESH
7578,PACHMARHI,MADHYA PRADESH
7580,BINA,MADHYA PRADESH
7581,KHURAI,MADHYA PRADESH
7582,SAGAR,MADHYA PRADESH
7583,BANDA,MADHYA PRADESH
7584,RAHATGARH,MADHYA PRADESH
7585,REHLI,MADHYA PRADESH
7586,DEORI,MADHYA PRADESH
7590,LATERI,MADHYA PRADESH
7591,SIRONJ,MADHYA PRADESH
7592,VIDISHA,MADHYA PRADESH
7593,KURWAI,MADHYA PRADESH
7594,GANJBASODA,MADHYA PRADESH
7595,NATERAN,MADHYA PRADESH
7596,GYRASPUR,MADHYA PRADESH
7601,PATHARIA,MADHYA PRADESH
7603,TENDUKHEDA,MADHYA PRADESH
7604,HATTA,MADHYA PRADESH
7605,PATERA,MADHYA PRADESH
7606,JABERA,MADHYA PRADESH
7608,BIJAWAR,MADHYA PRADESH
7609,BUXWAHA,MADHYA PRADESH
7621,PATAN,MADHYA PRADESH
7622,KATNI,MADHYA PRADESH
7623,KUNDAM,MADHYA PRADESH
7624,SIHORA,MADHYA PRADESH
7625,UMARIAPAN,MADHYA PRADESH
7626,VIJAYRAGHOGARH,MADHYA PRADESH
7627,MANPUR,MADHYA PRADESH
7628,KARPA,MADHYA PRADESH
7629,PUSHPRAJGARH,MADHYA PRADESH
7630,KATANGI,MADHYA PRADESH
7632,BALAGHAT,MADHYA PRADESH
7633,WARASEONI,MADHYA PRADESH
7634,LAMTA,MADHYA PRADESH
7635,LANJI,MADHYA PRADESH
7636,BAIHAR,MADHYA PRADESH
7637,BIRSA,MADHYA PRADESH
7638,DAMOH,MADHYA PRADESH
7640,SHAHPUR,MADHYA PRADESH
7641,NIWAS,MADHYA PRADESH
7642,MANDLA,MADHYA PRADESH
7643,BIJADANDI,MADHYA PRADESH
7644,DINDORI,MADHYA PRADESH
7645,KARANJIA,MADHYA PRADESH
7646,NAINPUR,MADHYA PRADESH
7647,GHUGHARI,MADHYA PRADESH
7648,MAWAI,MADHYA PRADESH
7649,KAKAIYA,MADHYA PRADESH
7650,BEOHARI,MADHYA PRADESH
7651,JAISINGHNAGAR,MADHYA PRADESH
7652,SHAHDOL,MADHYA PRADESH
7653,BANDHAVGARH,MADHYA PRADESH
7655,BIRSINGHPUR,MADHYA PRADESH
7656,KANNODI,MADHYA PRADESH
7657,JAITPUR,MADHYA PRADESH
7658,KOTMA,MADHYA PRADESH
7659,JAITHARI,MADHYA PRADESH
7660,SIRMOUR,MADHYA PRADESH
7661,TEONTHAR,MADHYA PRADESH
7662,REWA,MADHYA PRADESH
7663,MAUGANJ,MADHYA PRADESH
7664,HANUMANA,MADHYA PRADESH
7670,MAJHAGWAN,MADHYA PRADESH
7671,JAITWARA,MADHYA PRADESH
7672,SATNA,MADHYA PRADESH
7673,NAGOD,MADHYA PRADESH
7674,MAIHAR,MADHYA PRADESH
7675,AMARPATAN,MADHYA PRADESH
7680,NIWARI,MADHYA PRADESH
7681,JATARA,MADHYA PRADESH
7682,CHHATARPUR,MADHYA PRADESH
7683,TIKAMGARH,MADHYA PRADESH
7684,BALDEOGARH,MADHYA PRADESH
7685,NOWGAON,MADHYA PRADESH
7686,KHAJURAHO,MADHYA PRADESH
7687,LAUNDI,MADHYA PRADESH
7688,GOURIHAR,MADHYA PRADESH
7689,BADAMALHERA,MADHYA PRADESH
7690,LAKHNADON,MADHYA PRADESH
7691,CHHAPARA,MADHYA PRADESH
7692,SEONI,MADHYA PRADESH
7693,GHANSOUR,MADHYA PRADESH
7694,KEOLARI,MADHYA PRADESH
7695,GOPALGANJ,MADHYA PRADESH
7700,NAGRI,CHATISGARH
7701,FINGESHWAR,CHATISGARH
7703,MANPUR,CHATISGARH
7704,DEOBHOG,CHATISGARH
7705,KURUD,CHATISGARH
7706,GARIABAND,CHATISGARH
7707,BAGBAHERA,CHATISGARH
7720,ARANG,CHATISGARH
7721,NEORA,CHATISGARH
7722,DHAMTARI,CHATISGARH
7723,MAHASAMUND,CHATISGARH
7724,BASANA,CHATISGARH
7725,SARAIPALI,CHATISGARH
7726,BHATAPARA,CHATISGARH
7727,BALODABAZAR,CHATISGARH
7728,KASDOL,CHATISGARH
7729,BHILAIGARH,CHATISGARH
7730,AJAIGARH,MADHYA PRADESH
7731,GUNNORE,MADHYA PRADESH
7732,PANNA,MADHYA PRADESH
7733,PAWAI,MADHYA PRADESH
7734,SHAHNAGAR,MADHYA PRADESH
7740,BODLA,CHATISGARH
7741,KAWARDHA,CHATISGARH
7743,CHUIKHADAN,CHATISGARH
7744,RAJANDGAON,CHATISGARH
7745,CHHURIAKALA,CHATISGARH
7746,MANPUR,CHATISGARH
7747,MOHLA,CHATISGARH
7748,DALLIRAJHARA,CHATISGARH
7749,BALOD,CHATISGARH
7750,MARWAHI,CHATISGARH
7751,PENDRA,CHATISGARH
7752,BILASPUR,CHATISGARH
7753,KOTA,CHATISGARH
7754,PANDARIA,CHATISGARH
7755,MUNGELI,CHATISGARH
7756,LORMI,CHATISGARH
7757,SHAKTI,CHATISGARH
7758,DABHARA,CHATISGARH
7759,KORBA,CHATISGARH
7761,TAPKARA,CHATISGARH
7762,RAIGARH,CHATISGARH
7763,JASHPURNAGAR,CHATISGARH
7764,KUNKURI,CHATISGARH
7765,PATHALGAON,CHATISGARH
7766,DHARAMJAIGARH,CHATISGARH
7767,GHARGHODA,CHATISGARH
7768,SARANGGARH,CHATISGARH
7769,BAGICHA,CHATISGARH
7770,KATHDOL,CHATISGARH
7771,MANENDRAGARH,CHATISGARH
7772,WADRAINAGAR,CHATISGARH
7773,ODGI,CHATISGARH
7774,AMBIKAPUR,CHATISGARH
7775,SURAJPUR,CHATISGARH
7776,PREMNAGAR,CHATISGARH
7777,PRATAPPUR,CHATISGARH
7778,SEMARIA,CHATISGARH
7779,RAMCHANDRAPUR,CHATISGARH
7781,NARAINPUR,CHATISGARH
7782,JAGDALPUR,CHATISGARH
7783,PADAMKOT,CHATISGARH
7784,PARASGAON,CHATISGARH
7785,MAKODI,CHATISGARH
7786,KONDAGAON,CHATISGARH
7787,JARWA,CHATISGARH
7788,LUCKWADA,CHATISGARH
7789,BHAIRONGARH,CHATISGARH
7790,BABAICHICHLI,MADHYA PRADESH
7791,GADARWARA,MADHYA PRADESH
7792,NARSINGHPUR,MADHYA PRADESH
7793,KARELI,MADHYA PRADESH
7794,GOTEGAON,MADHYA PRADESH
7801,DEOSAR,MADHYA PRADESH
7802,CHURHAT,MADHYA PRADESH
7803,MAJHOLI,MADHYA PRADESH
7804,KUSMI,MADHYA PRADESH
7805,SINGRAULI,MADHYA PRADESH
7806,CHITRANGI,MADHYA PRADESH
7810,UPRODA,CHATISGARH
7811,PASAN,CHATISGARH
7812,DAMOH,MADHYA PRADESH
7813,BARPALLI,CHATISGARH
7815,KATHGHORA,CHATISGARH
7816,PALI,CHATISGARH
7817,JANJGIR,CHATISGARH
7818,CHANDIPARA,CHATISGARH
7819,PANDISHANKAR,CHATISGARH
7820,KHAIRGARH,CHATISGARH
7821,DHAMDA,CHATISGARH
7822,SIDHI,MADHYA PRADESH
7823,DONGARGARH,CHATISGARH
7824,BEMETARA,CHATISGARH
7825,BERLA,CHATISGARH
7826,PATAN,CHATISGARH
7831,BALRAMPUR,CHATISGARH
7832,RAJPUR,CHATISGARH
7833,UDAIPUR,CHATISGARH
7834,SITAPUR,CHATISGARH
7835,BHARATHPUR,CHATISGARH
7836,BAIKUNTHPUR,CHATISGARH
7840,KOYELIBEDA,CHATISGARH
7841,SARONA,CHATISGARH
7843,DURGAKONDAL,CHATISGARH
7844,PAKHANJUR,CHATISGARH
7846,GARPA,CHATISGARH
7847,ANTAGARH,CHATISGARH
7848,KESKAL,CHATISGARH
7849,BDERAJPUR,CHATISGARH
7850,BHANUPRATAPPUR,CHATISGARH
7851,BHOPALPATNAM,CHATISGARH
7852,TOYNAR,CHATISGARH
7853,BIJAPUR,CHATISGARH
7854,ILAMIDI,CHATISGARH
7855,CHINGMUT,CHATISGARH
7856,DANTEWADA,CHATISGARH
7857,BACHELI,CHATISGARH
7858,KUAKUNDA,CHATISGARH
7859,LOHADIGUNDAH,CHATISGARH
7861,NETANAR,CHATISGARH
7862,BASTANAR,CHATISGARH
7863,CHHINAGARH,CHATISGARH
7864,SUKMA,CHATISGARH
7865,GOGUNDA,CHATISGARH
7866,KONTA,CHATISGARH
7867,BOKABAND,CHATISGARH
7868,KANKER,CHATISGARH
8110,ANEKAL,KARNATKA
8111,HOSAKOTE,KARNATKA
8113,CHANNAPATNA,KARNATKA
8117,KANAKAPURA,KARNATKA
8118,NELAMANGALA,KARNATKA
8119,DODDABALLAPUR,KARNATKA
8131,GUBBI,KARNATKA
8132,KUNIGAL,KARNATKA
8133,CHIKKANAYAKANAHALLI,KARNATKA
8134,TIPTUR,KARNATKA
8135,SIRA,KARNATKA
8136,PAVAGADA,KARNATKA
8137,MADUGIRI,KARNATKA
8138,KORATAGERI,KARNATKA
8139,TURUVEKERE,KARNATKA
8150,BAGEPALLI,KARNATKA
8151,MALUR,KARNATKA
8152,KOLAR,KARNATKA
8153,BANGARPET,KARNATKA
8154,CHINTAMANI,KARNATKA
8155,GOWRIBDANPUR,KARNATKA
8156,CHIKKABALLAPUR,KARNATKA
8157,SRINIWASPUR,KARNATKA
8158,SIDLAGHATTA,KARNATKA
8159,MULBAGAL,KARNATKA
8170,ALUR,KARNATKA
8172,HASSAN,KARNATKA
8173,SAKLESHPUR,KARNATKA
8174,ARSIKERE,KARNATKA
8175,HOLENARSIPUR,KARNATKA
8176,CHANNARAYAPATNA,KARNATKA
8177,BELUR,KARNATKA
8180,BASAVAPATNA,KARNATKA
8181,THIRTHAHALLI,KARNATKA
8182,SHIMOGA,KARNATKA
8183,SAGAR,KARNATKA
8184,SORAB,KARNATKA
8185,HOSANAGARA,KARNATKA
8186,KARGAL,KARNATKA
8187,SHIKARIPURA,KARNATKA
8188,HONNALI,KARNATKA
8189,CHANNAGIRI,KARNATKA
8190,TALLAK,KARNATKA
8191,HOLALKERE,KARNATKA
8192,DEVANGERE,KARNATKA
8193,HIRIYUR,KARNATKA
8194,CHITRADURGA,KARNATKA
8195,CHALLAKERE,KARNATKA
8196,JAGALUR,KARNATKA
8198,MOLKALMURU,KARNATKA
8199,HOSADURGA,KARNATKA
8221,NANJANGUD,KARNATKA
8222,HUNSUR,KARNATKA
8223,K.R. NAGAR,KARNATKA
8224,KOLLEGAL,KARNATKA
8225,COWDAHALLI,KARNATKA
8226,CHAMRAJNAGAR,KARNATKA
8227,T. NARSIPUR,KARNATKA
8228,H.D. KOTE,KARNATKA
8229,GUNDLUPET,KARNATKA
8230,KRISHNARAJAPET,KARNATKA
8231,MALAVALLI,KARNATKA
8232,MANDYA,KARNATKA
8234,NAGAMANGALA,KARNATKA
8236,PANDAVAPURA,KARNATKA
8251,PUTTUR,KARNATKA
8253,HEBRI,KARNATKA
8254,KUNDAPUR,KARNATKA
8255,BANTWAL,KARNATKA
8256,BELTHANGADY,KARNATKA
8257,SULLIA,KARNATKA
8258,KARKALA,KARNATKA
8259,SHANKARNARAYANA,KARNATKA
8261,TARIKERE,KARNATKA
8262,CHIKMAGALUR,KARNATKA
8263,MUDIGERE,KARNATKA
8265,KOPPA,KARNATKA
8266,NARSIMRAJAPUR,KARNATKA
8267,KADUR,KARNATKA
8272,MADIKERI,KARNATKA
8274,VIRAJPET,KARNATKA
8276,SOMWARPET,KARNATKA
8282,BHADRAVATI,KARNATKA
8283,SALKANI,KARNATKA
8284,HALIYAL,KARNATKA
8288,BAILHONGAL,KARNATKA
8289,ATHANI,KARNATKA
8301,MUNDAGOD,KARNATKA
8304,KUNDGOL,KARNATKA
8330,SAUNDATTI,KARNATKA
8331,RAIBAG,KARNATKA
8332,GOKAK,KARNATKA
8333,HUKKERI,KARNATKA
8334,MUDALGI,KARNATKA
8335,RAMDURG,KARNATKA
8336,KHANAPUR,KARNATKA
8337,MURUGOD,KARNATKA
8338,CHIKKODI,KARNATKA
8339,AINAPUR,KARNATKA
8342,MARGAON,GOA
8343,PONDA,GOA
8345,SANGUEM,MAHARASHTRA
8346,CANACONA,GOA
8350,MUDHOL,KARNATKA
8351,HUNGUND,KARNATKA
8352,BIJAPUR,KARNATKA
8353,JAMKHANDI,KARNATKA
8354,BAGALKOT,KARNATKA
8355,BABLESHWAR,KARNATKA
8356,MUDDEBIHAL,KARNATKA
8357,BADAMI,KARNATKA
8358,BASAVANABAGEWADI,KARNATKA
8359,INDI,KARNATKA
8370,KALGHATAGI,KARNATKA
8371,MUNDARGI,KARNATKA
8372,GADAG,KARNATKA
8373,RANEBENNUR,KARNATKA
8375,HAVERI,KARNATKA
8376,HIREKERUR,KARNATKA
8377,NARGUND,KARNATKA
8378,SAVANUR,KARNATKA
8379,HANGAL,KARNATKA
8380,NAVALGUND,KARNATKA
8381,RON,KARNATKA
8382,KARWAR,KARNATKA
8383,JOIDA,KARNATKA
8384,SIRSI,KARNATKA
8385,BHATKAL,KARNATKA
8386,KUMTA,KARNATKA
8387,HONNAVAR,KARNATKA
8388,ANKOLA,KARNATKA
8389,SIDDAPUR,KARNATKA
8391,KUDLIGI,KARNATKA
8392,BELLARY,KARNATKA
8393,KURUGODU,KARNATKA
8394,HOSPET,KARNATKA
8395,SANDUR,KARNATKA
8396,SIRUGUPPA,KARNATKA
8397,H.B.HALLI,KARNATKA
8398,HARAPANAHALLI,KARNATKA
8399,HUVINAHADAGALI,KARNATKA
8402,KANIGIRI,ANDHRA PRADESH
8403,YERRAGONDAPALEM,ANDHRA PRADESH
8404,MARTURU,ANDHRA PRADESH
8405,GIDDALUR,ANDHRA PRADESH
8406,CUMBUM,ANDHRA PRADESH
8407,DARSI,ANDHRA PRADESH
8408,DONAKONDA,ANDHRA PRADESH
8411,TANDURU,ANDHRA PRADESH
8412,PARGI,ANDHRA PRADESH
8413,HYDERABAD WEST,ANDHRA PRADESH
8414,IBRAHIMPATNAM,ANDHRA PRADESH
8415,HYDERABAD EAST,ANDHRA PRADESH
8416,VIKRABAD,ANDHRA PRADESH
8417,CHEVELLA,ANDHRA PRADESH
8418,MEDACHAL,ANDHRA PRADESH
8419,YELLAPUR,KARNATKA
8422,CHADCHAN,KARNATKA
8424,DEVARAHIPPARGI,KARNATKA
8425,BILIGI,KARNATKA
8426,TELGI,KARNATKA
8440,NIMBURGA,KARNATKA
8441,SEDAM,KARNATKA
8442,JEWARGI,KARNATKA
8443,SHORAPUR,KARNATKA
8444,HUNSAGI,KARNATKA
8450,ANDOLE,ANDHRA PRADESH
8451,ZAHIRABAD,ANDHRA PRADESH
8452,MEDAK,ANDHRA PRADESH
8454,GAJWEL,ANDHRA PRADESH
8455,SANGAREDDY,ANDHRA PRADESH
8456,NARAYANAKHED,ANDHRA PRADESH
8457,SIDDIPET,ANDHRA PRADESH
8458,NARSAPUR,ANDHRA PRADESH
8461,DICHPALLI,ANDHRA PRADESH
8462,NIZAMABAD,ANDHRA PRADESH
8463,ARMOOR,ANDHRA PRADESH
8464,MADNUR,ANDHRA PRADESH
8465,YELLAREDDY,ANDHRA PRADESH
8466,BANSWADA,ANDHRA PRADESH
8467,BODHAN,ANDHRA PRADESH
8468,KAMAREDDY,ANDHRA PRADESH
8470,AFZALPUR,KARNATKA
8471,MASHAL,KARNATKA
8472,GULBARGA,KARNATKA
8473,YADGIRI,KARNATKA
8474,CHITTAPUR,KARNATKA
8475,CHINCHOLI,KARNATKA
8476,WADI,KARNATKA
8477,ALAND,KARNATKA
8478,KAMALAPUR,KARNATKA
8479,SHAHAPUR,KARNATKA
8481,BASAVAKALYAN,KARNATKA
8482,BIDAR,KARNATKA
8483,HUMNABAD,KARNATKA
8484,BHALKI,KARNATKA
8485,AURAD,KARNATKA
8487,SHIRAHATTI,KARNATKA
8488,SINDAGI,KARNATKA
8490,PAMURU,ANDHRA PRADESH
8491,KANAGANAPALLE,ANDHRA PRADESH
8492,KAMBADUR,ANDHRA PRADESH
8493,MADAKASIRA,ANDHRA PRADESH
8494,KADIRI,ANDHRA PRADESH
8495,RAYADURG,ANDHRA PRADESH
8496,URAVAKONDA,ANDHRA PRADESH
8497,KALYANDURG,ANDHRA PRADESH
8498,NALLACHERUVU,ANDHRA PRADESH
8499,PODILI,ANDHRA PRADESH
8501,KOLLAPUR,ANDHRA PRADESH
8502,ALAMPUR,ANDHRA PRADESH
8503,MAKTHAL,ANDHRA PRADESH
8504,ATMAKUR,ANDHRA PRADESH
8505,KODANGAL,ANDHRA PRADESH
8506,NARAYANPET,ANDHRA PRADESH
8510,KOILKUNTLA,ANDHRA PRADESH
8512,ADONI,ANDHRA PRADESH
8513,NANDIKOTKUR,ANDHRA PRADESH
8514,NANDYAL,ANDHRA PRADESH
8515,BANAGANAPALLE,ANDHRA PRADESH
8516,DRONACHALAM,ANDHRA PRADESH
8517,ATMAKUR,ANDHRA PRADESH
8518,KURNOOL,ANDHRA PRADESH
8519,ALLAGADDA,ANDHRA PRADESH
8520,PATTIKONDA,ANDHRA PRADESH
8522,PEAPALLE,ANDHRA PRADESH
8523,ALUR,ANDHRA PRADESH
8524,SRISAILAM,ANDHRA PRADESH
8525,GUDUR,ANDHRA PRADESH
8531,DEODURGA,KARNATKA
8532,RAICHUR,KARNATKA
8533,GANGAVATHI,KARNATKA
8534,YELBURGA,KARNATKA
8535,SINDHANUR,KARNATKA
8536,KUSTAGI,KARNATKA
8537,LINGSUGUR,KARNATKA
8538,MANVI,KARNATKA
8539,KOPPAL,KARNATKA
8540,NAGARKURNOOL,ANDHRA PRADESH
8541,ACHAMPET,ANDHRA PRADESH
8542,MAHABUBNAGAR,ANDHRA PRADESH
8543,WANAPARTHY,ANDHRA PRADESH
8545,AMANGALLU,ANDHRA PRADESH
8546,GADWAL,ANDHRA PRADESH
8548,SHADNAGAR,ANDHRA PRADESH
8549,KALWAKURTHY,ANDHRA PRADESH
8550,YELLANURU,ANDHRA PRADESH
8551,GARLADINNE,ANDHRA PRADESH
8552,GOOTY,ANDHRA PRADESH
8554,ANANTAPUR,ANDHRA PRADESH
8556,HINDUPUR,ANDHRA PRADESH
8557,PENUKONDA,ANDHRA PRADESH
8558,TADIPATRI,ANDHRA PRADESH
8559,DHARMAVARAM,ANDHRA PRADESH
8560,JAMMALAMADUGU,ANDHRA PRADESH
8561,RAYACHOTI,ANDHRA PRADESH
8562,CUDDAPAH,ANDHRA PRADESH
8563,KAMALAPURAM,ANDHRA PRADESH
8564,PRODDATUR,ANDHRA PRADESH
8565,RAJAMPETA,ANDHRA PRADESH
8566,KODURU,ANDHRA PRADESH
8567,LAKKIREDDIPALLI,ANDHRA PRADESH
8568,PULIVENDLA,ANDHRA PRADESH
8569,BADVEL,ANDHRA PRADESH
8570,KUPPAM,ANDHRA PRADESH
8571,MADANAPALLI,ANDHRA PRADESH
8572,CHITTOOR,ANDHRA PRADESH
8573,BANGARUPALEM,ANDHRA PRADESH
8576,SATYAVEDU,ANDHRA PRADESH
8577,PUTTURU,ANDHRA PRADESH
8578,SRIKALAHASTHI,ANDHRA PRADESH
8579,PALMANERU,ANDHRA PRADESH
8581,PUNGANUR,ANDHRA PRADESH
8582,B. KOTHAKOTA,ANDHRA PRADESH
8583,SODAM,ANDHRA PRADESH
8584,PILER,ANDHRA PRADESH
8585,PAKALA,ANDHRA PRADESH
8586,VAYALPAD,ANDHRA PRADESH
8587,VENKATGIRIKOTA,ANDHRA PRADESH
8588,VAIMPALLI,ANDHRA PRADESH
8589,SIDDAVATTAM,ANDHRA PRADESH
8592,ONGOLE,ANDHRA PRADESH
8593,MEDARMETLA,ANDHRA PRADESH
8594,CHIRALA,ANDHRA PRADESH
8596,MARKAPUR,ANDHRA PRADESH
8598,KANDUKURU,ANDHRA PRADESH
8599,ULVAPADU,ANDHRA PRADESH
8620,UDAYGIRI,ANDHRA PRADESH
8621,RAPUR,ANDHRA PRADESH
8622,KOVVUR,ANDHRA PRADESH
8623,SULLARPET,ANDHRA PRADESH
8624,GUDUR,ANDHRA PRADESH
8625,VENKATGIRI,ANDHRA PRADESH
8626,KAVALI,ANDHRA PRADESH
8627,ATMAKUR,ANDHRA PRADESH
8628,CHEJERLA,ANDHRA PRADESH
8629,VINJAMURU,ANDHRA PRADESH
8640,KROSURU,ANDHRA PRADESH
8641,SATTENAPALLE,ANDHRA PRADESH
8642,PALAND,ANDHRA PRADESH
8643,BAPATLA,ANDHRA PRADESH
8644,TENALI,ANDHRA PRADESH
8645,MANGALAGIRI,ANDHRA PRADESH
8646,VINUKONDA,ANDHRA PRADESH
8647,NARASARAOPET,ANDHRA PRADESH
8648,REPALLE,ANDHRA PRADESH
8649,PIDUGURALLA,ANDHRA PRADESH
8654,JAGGAYYAPET,ANDHRA PRADESH
8656,NAZVIDU,ANDHRA PRADESH
8659,MYLAVARAM,ANDHRA PRADESH
8671,DIVI,ANDHRA PRADESH
8672,BANDAR,ANDHRA PRADESH
8673,TIRIVURU,ANDHRA PRADESH
8674,GUDIVADA,ANDHRA PRADESH
8676,VUYYURU,ANDHRA PRADESH
8677,KAIKALURU,ANDHRA PRADESH
8678,NANDIGAMA,ANDHRA PRADESH
8680,NIDAMANUR,ANDHRA PRADESH
8681,CHANDOOR,ANDHRA PRADESH
8682,NALGONDA,ANDHRA PRADESH
8683,HUZURNAGAR,ANDHRA PRADESH
8684,SURYAPET,ANDHRA PRADESH
8685,BHONGIR,ANDHRA PRADESH
8689,MRIYALGUDA,ANDHRA PRADESH
8691,DEVARAKONDA,ANDHRA PRADESH
8692,NAMPALLE,ANDHRA PRADESH
8693,THUNGATURTHY,ANDHRA PRADESH
8694,RAMANNAPET,ANDHRA PRADESH
8710,CHERIAL,ANDHRA PRADESH
8711,WARDHANNAPET,ANDHRA PRADESH
8713,PARKAL,ANDHRA PRADESH
8715,MULUG,ANDHRA PRADESH
8716,JANGAON,ANDHRA PRADESH
8717,ETURNAGARAM,ANDHRA PRADESH
8718,NARASAMPET,ANDHRA PRADESH
8719,MAHABUBABAD,ANDHRA PRADESH
8720,MAHADEVAPUR,ANDHRA PRADESH
8721,HUNSABAD,ANDHRA PRADESH
8723,SIRCILLA,ANDHRA PRADESH
8724,JAGTIAL,ANDHRA PRADESH
8725,METPALLI,ANDHRA PRADESH
8727,HUZURABAD,ANDHRA PRADESH
8728,PEDDAPALLI,ANDHRA PRADESH
8729,MANTHANI,ANDHRA PRADESH
8730,KHANAPUR(AP),ANDHRA PRADESH
8731,UTNOR,ANDHRA PRADESH
8732,ADILABAD,ANDHRA PRADESH
8733,ASIFABAD,ANDHRA PRADESH
8734,NIRMAL,ANDHRA PRADESH
8735,BELLAMPALLI,ANDHRA PRADESH
8736,MANCHERIAL,ANDHRA PRADESH
8737,CHINNOR,ANDHRA PRADESH
8738,SIRPUR KAGAZNAGAR,ANDHRA PRADESH
8739,JANNARAM,ANDHRA PRADESH
8740,ASWARAOPET,ANDHRA PRADESH
8741,SUDHIMALLA,ANDHRA PRADESH
8742,KHAMMAM,ANDHRA PRADESH
8743,BHADRACHALAM,ANDHRA PRADESH
8744,KOTHAGUDEM,ANDHRA PRADESH
8745,YELLANDU,ANDHRA PRADESH
8746,BHOORAGAMPHAD,ANDHRA PRADESH
8747,NUGURU,ANDHRA PRADESH
8748,V.R.PURAM,ANDHRA PRADESH
8749,MADHIRA,ANDHRA PRADESH
8751,BOATH,ANDHRA PRADESH
8752,BHAINSA,ANDHRA PRADESH
8753,OUTSARANGAPALLE,ANDHRA PRADESH
8761,SATHUPALLI,ANDHRA PRADESH
8811,POLAVARAM,ANDHRA PRADESH
8812,ELURU,ANDHRA PRADESH
8813,KOVVUR,ANDHRA PRADESH
8814,NARSAPUR,ANDHRA PRADESH
8816,BHIMAVARAM,ANDHRA PRADESH
8818,TADEPALLIGUDEM,ANDHRA PRADESH
8819,TANUKU,ANDHRA PRADESH
8821,JANGAREDDYGUDEM,ANDHRA PRADESH
8823,CHINTALAPUDI,ANDHRA PRADESH
8829,BHIMADOLE,ANDHRA PRADESH
8852,PEDDAPURAM,ANDHRA PRADESH
8854,TUNI,ANDHRA PRADESH
8855,MANDAPETA,ANDHRA PRADESH
8856,AMALAPURAM,ANDHRA PRADESH
8857,RAMACHANDRAPURAM,ANDHRA PRADESH
8862,RAZOLE,ANDHRA PRADESH
8863,CHAVITIDIBBALU,ANDHRA PRADESH
8864,RAMPACHODAVARAM,ANDHRA PRADESH
8865,YELAVARAM,ANDHRA PRADESH
8868,YELESWARAM,ANDHRA PRADESH
8869,PITHAPURAM,ANDHRA PRADESH
8922,VIZAYANAGARAM,ANDHRA PRADESH
8924,ANAKAPALLE,ANDHRA PRADESH
8931,YELAMANCHILI,ANDHRA PRADESH
8932,NARSIPATNAM,ANDHRA PRADESH
8933,BHEEMUNIPATNAM,ANDHRA PRADESH
8934,CHODAVARAM,ANDHRA PRADESH
8935,PADERU,ANDHRA PRADESH
8936,ARAKU,ANDHRA PRADESH
8937,CHINTAPALLE,ANDHRA PRADESH
8938,SILERU,ANDHRA PRADESH
8941,PALAKONDA,ANDHRA PRADESH
8942,SRIKAKULAM,ANDHRA PRADESH
8944,BOBBILI,ANDHRA PRADESH
8945,TEKKALI,ANDHRA PRADESH
8946,PATHAPATNAM,ANDHRA PRADESH
8947,SOMPETA,ANDHRA PRADESH
8952,CHEPURUPALLI,ANDHRA PRADESH
8963,PARVATHIPURAM,ANDHRA PRADESH
8964,SALURU,ANDHRA PRADESH
8965,GAJAPATHINAGARAM,ANDHRA PRADESH
8966,SRUNGAVARAPUKOTA,ANDHRA PRADESH
